-- MySQL dump 10.13  Distrib 5.7.23, for Linux (x86_64)
--
-- Host: localhost    Database: dbSistemaGI
-- ------------------------------------------------------
-- Server version	5.7.23-0ubuntu0.16.04.1

/*!40101 SET @OLD_CHARACTER_SET_CLIENT=@@CHARACTER_SET_CLIENT */;
/*!40101 SET @OLD_CHARACTER_SET_RESULTS=@@CHARACTER_SET_RESULTS */;
/*!40101 SET @OLD_COLLATION_CONNECTION=@@COLLATION_CONNECTION */;
/*!40101 SET NAMES utf8 */;
/*!40103 SET @OLD_TIME_ZONE=@@TIME_ZONE */;
/*!40103 SET TIME_ZONE='+00:00' */;
/*!40014 SET @OLD_UNIQUE_CHECKS=@@UNIQUE_CHECKS, UNIQUE_CHECKS=0 */;
/*!40014 SET @OLD_FOREIGN_KEY_CHECKS=@@FOREIGN_KEY_CHECKS, FOREIGN_KEY_CHECKS=0 */;
/*!40101 SET @OLD_SQL_MODE=@@SQL_MODE, SQL_MODE='NO_AUTO_VALUE_ON_ZERO' */;
/*!40111 SET @OLD_SQL_NOTES=@@SQL_NOTES, SQL_NOTES=0 */;

--
-- Table structure for table `glucoseM`
--

DROP TABLE IF EXISTS `glucoseM`;
/*!40101 SET @saved_cs_client     = @@character_set_client */;
/*!40101 SET character_set_client = utf8 */;
CREATE TABLE `glucoseM` (
  `idglucoseM` int(11) NOT NULL,
  `gB` double NOT NULL,
  `g30` double NOT NULL,
  `g60` double NOT NULL,
  `g90` double NOT NULL,
  `g120` double NOT NULL,
  PRIMARY KEY (`idglucoseM`)
) ENGINE=InnoDB DEFAULT CHARSET=utf8;
/*!40101 SET character_set_client = @saved_cs_client */;

--
-- Dumping data for table `glucoseM`
--

LOCK TABLES `glucoseM` WRITE;
/*!40000 ALTER TABLE `glucoseM` DISABLE KEYS */;
INSERT INTO `glucoseM` VALUES (1,4.6,6.6,7.7,5.2,5.8),(2,4.9,5.5,7.7,6.1,5.6),(3,4.1,5.5,5.3,3.9,4.1),(4,4.8,7.4,5,3.5,2.1),(5,5.1,6.2,4.7,4.3,5.6),(6,4.8,8.4,6.3,7.3,5.9),(7,5.3,7.9,6.9,5.2,5.7),(8,4.7,5,4.8,5.8,6.7),(9,5.1,6.8,5.3,5.1,5.3),(10,4.8,6.7,6.2,5.5,4.3),(11,4.9,6.7,5.8,6.1,6.4),(12,4.9,7.6,7.3,5.7,5.9),(13,4.5,7.3,7.9,7,6.9),(14,4.6,6.5,5.4,5.8,6.3),(15,4.8,5.5,5.4,5.6,6.9),(16,4.9,6.3,4.8,3.8,4.6),(17,4.3,6.7,6.4,5.8,5.8),(18,3.7,7.2,5.7,3.7,4),(19,4.9,6.4,4.5,6.4,5.4),(20,4.9,6,4.4,3.8,3.9),(21,5.3,6.9,5.6,4.2,5.4),(22,4.6,5.6,7.1,5.6,5.2),(23,4.4,6.2,7.3,5.4,5.4),(24,4.7,6.1,6.4,7.8,6.7),(25,5.4,6.6,7.6,5.7,5.4),(26,4.7,5.1,6.1,7.4,7.3),(27,4.7,6.6,7.3,5.1,5.1),(28,4.9,5.6,6.9,6.4,5.4),(29,4.8,6.3,6.4,4.3,4.4),(30,5.1,7.6,5.7,4.2,4),(31,4.6,7.2,5.2,5.2,4.9),(32,5.2,8.1,8,7.4,6.9),(33,4.4,6.6,6.7,5.6,5.4),(34,5.4,7.6,4.4,4.7,4.9),(35,4.6,5.1,6.7,6,5.5),(36,4.8,7.7,6.1,4.8,5.1),(37,4.1,5.3,4.7,4.6,5),(38,4.7,8.2,6.8,5.9,5),(39,4.7,5.7,5.1,4.6,5),(40,4.6,5.3,5.9,5.3,4.8),(41,3.9,5.8,5.8,5.7,5.4),(42,4.8,7.4,8.2,7.1,5.2),(43,4.4,6.8,6.2,6.1,5.2),(44,5.1,6.8,6.2,4.6,4.8),(45,4.6,6.6,7.8,6.9,5.4),(46,4.4,5.6,4.7,3.7,3.4),(47,4.6,7.4,5.4,4.6,5.5),(48,5,6.3,6.5,7.3,4.3),(49,5.3,8.4,8.4,8.3,6.3),(50,4.9,3.8,3.1,3.8,3.7),(51,5.2,6.6,6.8,6.3,6.4),(52,4.8,6.7,7.2,6.2,5.8),(53,5.2,8.1,4.8,4.8,5.6),(54,4.4,5.9,6.2,6.3,4.7),(55,4.7,6.2,5.3,4.3,5.2),(56,4.6,6.8,4.6,4.2,5.2),(57,4.9,7.6,7.7,7.2,5.6),(58,4.7,6.3,3.1,4.3,4.2),(59,5,6.7,6,6.4,6.3),(60,4.6,4.8,3.8,3.8,3.5),(61,4.7,7.8,6.6,6.5,6),(62,4.9,7.7,6.5,6.4,5.7),(63,4.3,7.3,6.3,7.2,6.9),(64,5.3,6.7,8.7,7.6,7.7),(65,4.6,6.3,6.5,4.9,5.5),(66,4.8,6.1,6.9,5.4,5.2),(67,4.9,7.4,6.1,4.4,3.7),(68,4.9,8.4,8,8.1,7.1),(69,4.9,6.2,5.8,4.6,4.8),(70,4.9,6.9,6,7.1,7.1),(71,5.3,7.5,6.5,5.4,7.2),(72,4.3,6.8,4.3,6.1,7.1),(73,4.8,7.7,4.6,6.2,5.6),(74,4.8,6.3,6.4,5.6,6.3),(75,4.7,7.7,6,4.6,4.1),(76,5.1,6.8,6.4,6.3,6.6),(77,4.8,8.1,8.5,6.2,5.6),(78,5.4,7.3,7.1,7.6,5.3),(79,5.6,7.2,4.3,5.1,5.3),(80,5.2,5.6,5.7,6.1,6),(81,5.1,6.4,6.1,5.2,5.9),(82,5.3,6.4,7.1,6,5.9),(83,5.2,7.4,6.3,5.6,5.8),(84,5.4,6.6,6.4,4.8,5.4),(85,4.3,4.3,4.1,4.3,3.7),(86,5.3,8.1,7.6,6.2,5.6),(87,3.8,5.9,4.1,4.1,5.2),(88,4.8,8.3,7.4,6.1,6.3),(89,5.3,7.9,6.7,7.2,5.2),(90,5.2,7.7,7.3,6.3,6.8),(91,4.6,5.7,3.3,3.4,2.9),(92,5.2,6.1,6.7,5.8,6.7),(93,4.8,6.8,7.2,6.4,5.7),(94,4.3,7.2,5.3,5.9,5.1),(95,4.6,6.2,5.1,4.9,4.5),(96,5.1,6.8,5.6,4.3,4.9),(97,4.9,6.6,7.9,6.8,5.8),(98,4.7,6.4,5.8,5.7,5.8),(99,4.7,5.9,5.7,4.8,5.6),(100,4.9,6.7,5.3,5.4,6.3),(101,4.9,7.1,8.4,5.1,6.7),(102,5.2,7.6,6.8,6.4,5.3),(103,4.6,5.9,5.7,5.4,5.5),(104,4.8,8.2,7.9,5.9,6.4),(105,4.2,7.7,7.5,8.1,5.6),(106,4.9,7.5,5.4,6.9,6.4),(107,5.1,8.8,7.3,7.2,5.7),(108,4.8,7,6.2,5.2,5.2),(109,4.4,8.3,6.1,5.5,5.1),(110,4.6,6.3,3.6,4.1,5.2),(111,4.6,7.3,6.8,3.5,3.4),(112,4.9,8.3,7.4,5.8,5.5),(113,4.8,7.7,6.1,6.1,4.6),(114,4.2,6.4,6.8,4.7,5.6),(115,5,7.6,4.8,5.4,5.2),(116,4.8,7.7,6.4,6.6,5.3),(117,4.4,6.8,6.5,5.6,4.7),(118,4.7,5.9,4.9,5.1,5.5),(119,4.7,8.1,7.3,6.1,3.9),(120,4.4,6.8,6.6,5.7,4.3),(121,4.7,5.9,4.7,3.5,3.8),(122,4.7,7.4,7.7,6.4,6.6),(123,4.2,5.9,6.1,5.4,5.1),(124,4.6,6.1,4.2,5.6,5.2),(125,5.3,8,7.4,6.3,6.1),(126,4.8,8.8,8.3,6.4,5),(127,5.1,7.5,7.6,5.6,4.8),(128,4.3,8,6.8,5.8,3.8),(129,5.1,5.7,4.1,4,4.4),(130,5,7.9,7.7,7.8,5.6),(131,4.8,7.2,7.4,6.5,6.1),(132,5.2,5.8,6.1,5.6,5.6),(133,4.9,7.4,6.1,7.6,5.4),(134,4.8,5.3,4.8,5.6,4.7),(135,4.3,5.9,5.9,6.1,5.2),(136,4.8,7.7,8.7,6.2,5.7),(137,4.6,6.4,6.3,5.3,5.1),(138,4.5,6.7,5.6,4.1,6.4),(139,4.8,7.5,8.6,6.4,5.6),(140,5.1,6.6,5,4.2,4.7),(141,4.1,7.2,7,5.4,4.8),(142,4.8,7.3,5.6,3.3,5.7),(143,5,6.5,6.4,5.4,4.2),(144,4.6,6.7,5.3,4.2,5.1),(145,4.9,8.1,6.5,5.4,4.6),(146,5.2,8,7.4,7.3,6.7),(147,4.1,6.3,7.3,6.1,4.4),(148,5,6.9,6.4,4.9,3.8),(149,4.8,7.8,5.6,5.4,6.4),(150,4.8,7.4,6.1,5.8,6.3),(151,5,7.7,8.6,6.3,5.1),(152,4.3,5.7,8.7,8,7.6),(153,5,5.9,4.9,4.7,5.3),(154,4.8,6.8,5.9,6.5,5.6),(155,4.4,4.9,5.6,5.2,4.9),(156,4.3,4.7,4.5,6.1,4.9),(157,4.2,5.8,6.3,4.5,4.5),(158,4.7,7.4,5.9,6.1,4.4),(159,4.9,7.8,6.2,6.7,6.3),(160,4.7,5.3,5.1,4.1,5.3),(161,4.4,5.3,4.4,3.9,4.8),(162,5.2,7.4,8.4,6.3,5.3),(163,4.7,6.8,6.1,5.4,6.1),(164,4.6,7.8,8.8,7.9,7.5),(165,4.7,6.8,4.6,5.6,4.5),(166,4.9,5.7,3.2,4.1,3.7),(167,4.2,6.6,3.2,5,5.2),(168,4.5,6.2,8.6,7,6.6),(169,4.7,7.1,5.2,6.2,4.6),(170,5.1,8.6,8.8,6.4,6.2),(171,4.6,5.9,5.8,7.7,6.1),(172,3.9,7.2,8.4,5.8,5.4),(173,4.4,6.2,6.1,4.9,5.6),(174,4.8,7,4.4,6.2,5.6),(175,5.1,7.4,4.6,3.9,4.7),(176,4.1,7.4,6.6,6.4,7.2),(177,5.1,7.6,5.6,5.3,5.4),(178,4.3,6.8,4.3,3.7,3.4),(179,4.3,5,5.3,4.9,5.1),(180,4.4,7,5.7,4.7,6.5),(181,5.1,8.4,7.2,5.2,6.2),(182,4.6,7.1,7,6.1,7.3),(183,4.4,5,3.6,4.3,5.1),(184,5.3,5.7,8.6,8.3,6.1),(185,4.4,5.2,4.1,5,2.8),(186,4.2,7.2,6.4,4.6,4),(187,5.2,6.9,7.2,8.1,5.7),(188,3.9,4.9,6.6,7.6,6.1),(189,4.3,5.6,4.2,4.1,4.7),(190,5.1,6.9,4.4,4.9,5.1),(191,4.4,4.2,5.2,4.8,4.6),(192,4.6,6.4,5.2,5.3,5.3),(193,4.8,6,7.7,7.9,6.2),(194,4.7,6.7,5.9,5.7,4.9),(195,4.9,7.5,8.1,5.7,5.3),(196,4.5,6.9,8.2,6.7,6.5),(197,5.2,5.7,7.1,5.6,5.1),(198,4.2,5.9,5.2,6,3.8),(199,5.1,8.7,8.1,5.6,5.9),(200,5.2,6,4.3,3.4,4.2),(201,4.4,5.2,3.2,2.9,2.7),(202,5.3,5.7,4.7,5.4,5.6),(203,4.8,6.8,6.1,5.1,5.4),(204,3.8,6.2,6.1,5.4,4.2),(205,4.4,5.8,4.5,3.6,3.9),(206,4.3,5.6,5.3,3.5,4.7),(207,4.2,5.4,6.6,7,5.8),(208,4.9,6.3,5.3,4.4,4.8),(209,5,6.6,7.5,4.4,6.5),(210,4.6,6.9,6.3,4.9,4.9),(211,5.5,5,6,8.3,6.3),(212,5.5,7,4.8,4.1,5.3),(213,5.4,7.1,7.8,7,7.1),(214,5,7.9,7.8,7.1,6.4),(215,4.7,5.1,4.3,4.2,3.8),(216,4.3,6.9,5.8,5.4,5.6),(217,4.4,5.9,3.2,5.4,4.4),(218,4.9,6.2,4.5,4.9,4.8),(219,4.5,8.1,8.9,7.7,4.9),(220,4.7,6.4,5.2,4.4,3.2),(221,4.6,5.2,6.2,5.3,4.4),(222,4.3,7.4,7.3,6.4,6.8),(223,4.8,7.5,8.6,8.7,6.8),(224,5.2,6.8,8.3,8,7.5),(225,4.5,6.2,5.4,5.1,5.6),(226,4.4,6.6,4.6,4.4,5.1),(227,4.4,6.4,6.3,4.8,3.8),(228,5.3,7.4,7.9,7.2,6.4),(229,4.7,8.3,7.2,6.5,6.4),(230,4.8,7.1,4.8,3.4,5.2),(231,4.8,7.6,8.9,7.3,7),(232,4.6,5.4,4.8,4.2,5.5),(233,4.8,7,4.7,3.9,4.7),(234,4.8,5.6,6.4,4.5,5.8),(235,4.6,7.1,8.7,8.1,6.7),(236,4.3,7.2,8.6,7.4,4.9),(237,5.3,7.4,5.9,5.7,4.9),(238,4.9,6.4,7.2,6.1,5.1),(239,5.2,7.2,7,5.4,6.5),(240,5.1,7.8,7,7.3,7.5),(241,4.7,8.5,7.8,6.8,6),(242,5.4,7.4,6.9,5.8,6.6),(243,5.3,8.1,8.7,7.1,6.7),(244,4.6,7.7,4.6,5.1,2.8),(245,5.4,7.8,6,4.5,5.1),(246,5.1,8.1,5.7,7.6,6.9),(247,4.4,4.4,4.9,4.3,4),(248,5.2,5.6,5.4,3.8,4.3),(249,4.6,5.9,6.8,5.3,5.9),(250,4.8,6.8,5.1,2.9,5.4),(251,4.8,6.2,5.1,5.8,5.8),(252,4.4,8.1,5.1,5.2,5),(253,4.4,7.9,5.2,3.4,4.9),(254,4.3,7.7,5.6,6.7,4.7),(255,4.7,7.4,7.2,6.6,5),(256,5.3,6.4,7.2,5.7,5.2),(257,4.4,4.9,6.7,6.1,5.4),(258,3.5,5.8,4.5,3.4,3.3),(259,4.2,7.1,5.7,6.1,6.1),(260,4.7,6.3,4.5,4,3.4),(261,4.4,8.1,7.8,8.2,5.9),(262,5.2,7.7,4.3,3.7,4.1),(263,4.8,6.3,6.5,5.3,5.9),(264,4.2,6.9,6.9,5.8,5.4),(265,4.4,7.1,6.3,4.4,4.3),(266,4.9,6.7,3.7,3.5,4.2),(267,5.3,7,7.2,5.7,5.5),(268,5.3,8.1,6.9,5.4,6.7),(269,5.1,8.7,5.1,5.7,4.8),(270,4.7,7.8,6.8,6.7,6.4),(271,4.3,7,8.1,7.2,5.8),(272,5,6.4,5.5,5.6,5.7),(273,4.5,5.9,4.3,5.9,4),(274,5.4,8.3,7.2,6.6,4.3),(275,4.7,8.2,6.2,6.7,5.7),(276,4.9,6.1,7.4,5.8,2.7),(277,5.1,7.2,4.9,5,6.9),(278,5.1,6.3,5.4,5.2,5.5),(279,4.1,6.2,6.5,7,5),(280,4.7,6.1,4.1,4.7,4.5),(281,4.8,6.7,6.3,6.1,6.1),(282,4.8,7.7,7.3,6.1,6),(283,4.9,7.2,6.3,4.8,4),(284,5,5.9,5.1,5.7,5.1),(285,4.9,6.2,5,4.3,3.8),(286,5.2,6.5,5.2,6.2,5.7),(287,4.7,7.2,4.2,4.1,4.6),(288,5.3,6.7,5.7,6.3,5.2),(289,4.6,6.8,5.8,5.4,5.7),(290,5.2,6.2,5.6,4.8,4.8),(291,4.3,5.9,3.9,4.6,4.9),(292,4.5,6.7,6.1,4.6,5.3),(293,4.9,6.2,6.8,4.8,5.7),(294,4,7.4,6.6,6.1,5.2),(295,4.7,6.8,5.4,4.4,4),(296,5.2,8.6,5.2,5.8,6.9),(297,4.7,5.1,3.5,3.8,3.9),(298,5.1,8.2,6.3,4.6,5.3),(299,5.1,8.3,5.7,5.9,6.3),(300,4.6,4.4,3,5,5.1),(301,4.6,7.7,7.1,4.6,5.8),(302,4.8,4.3,4,4.6,4.9),(303,4.7,6.9,6.3,7.1,5.7),(304,5.2,8.7,6.7,5.9,5.7),(305,4.3,7.7,7.8,6.4,5.8),(306,3.8,6.2,5.1,6.1,5.8),(307,4.9,7.5,7.1,6.4,5.3),(308,4.4,5.8,5.4,5.1,4.4),(309,4.8,7.7,7.3,6.7,5.1),(310,4.9,8.1,7.7,7.2,6.7),(311,5.4,8.4,6.1,5.3,4.2),(312,5.3,8.6,8.5,7.6,5.6),(313,4.8,6.1,5.9,5.3,5.2),(314,4.7,6.7,5.6,5.1,4.7),(315,5,5.7,6.3,5.7,6.5),(316,3.8,6.4,6.2,6.2,5.9),(317,4.2,4.1,5.8,4.6,3.9),(318,4.5,5.9,6.4,4.2,5.1),(319,4.8,8.6,8.3,5.8,6.5),(320,4.6,4.5,4.2,3.9,5.3),(321,4.6,5.4,6,5.2,3.9),(322,4.4,4,3.4,4.9,4.5),(323,4.3,6.4,8.3,8.2,6),(324,4.6,6,4.4,5,4.9),(325,5,7.2,7.2,6,4.8),(326,4.1,6.9,6.5,5.9,4.8),(327,4.7,8.4,8.1,7.3,6.8),(328,4.8,6.7,7.4,7.2,5.8),(329,4.3,6.7,4.8,5.2,3.2),(330,4.8,6.7,5.3,5.7,5.2),(331,4.8,7.1,7.5,8.2,7.7),(332,4.9,8.2,6.7,5.9,6.3),(333,4.3,6.9,7.9,5.8,5.1),(334,4.8,6.9,7.3,6.6,6),(335,5.2,8.6,6.8,5.1,4.1),(336,5.1,8.3,5.9,5.7,4.4),(337,4.6,7.4,5.6,4.9,4.9),(338,4.4,6.7,4.6,4.1,3.6),(339,4.7,5.8,4.3,4.6,5.4),(340,4.9,6.4,6.9,5.1,6.1),(341,4.6,8.2,7.2,6.1,6.8),(342,5.1,7.3,6.7,6.9,5.6),(343,4.4,6.9,7,4.8,6.1),(344,5.2,6.2,5.3,5.6,6.7),(345,4.8,5.8,8.6,6.2,4.6),(346,4.9,6.9,6.4,3.8,5.8),(347,4.6,6.6,7,5.6,4.7),(348,4.9,8.6,7,5.7,6.8),(349,4.7,7.4,5.7,7.7,6.6),(350,4.4,8.1,8.2,5.4,6.9),(351,4.7,6.3,5.9,5.8,5.8),(352,5.1,7.9,5.1,5.4,5.7),(353,4.3,5.7,3.5,3.4,4.7),(354,4.7,7.2,7.3,5.4,5.2),(355,4.8,4.3,4.1,3.9,4.4),(356,4.8,5.4,4.6,6.1,4.5),(357,5.1,8.5,8.5,6.8,7.4),(358,5,7.4,8.4,6.9,6.6),(359,4.8,7.2,6.7,5.2,5.2),(360,4.3,6.1,6.8,6.1,4.9),(361,5.2,8,6.1,5.8,7),(362,5.1,7.1,5.2,6.1,4.5),(363,5.1,6.9,5.9,8.2,7.5),(364,4.3,5.3,5.6,5.4,4.4),(365,4.8,7.4,8.7,7.7,7.7),(366,4.8,5.7,5.9,8.3,7.3),(367,4.5,6.3,5.6,5.8,5.6),(368,5.4,4.8,4.7,6.8,5.9),(369,4.8,7.8,4.8,3.3,4.9),(370,4.9,5.8,5.6,5.2,4.9),(371,5.3,7.8,7.4,8.3,4.8),(372,4.6,5.5,7.8,7.6,5.4),(373,5,7.8,6.9,6.1,5.9),(374,4.2,7.1,8,4.6,4.7),(375,4.6,5.4,6.1,6.4,7.2),(376,4.3,5.6,4.8,4.7,4.3),(377,4.9,5.7,5.8,6.2,4.5),(378,4.8,7.3,8.5,7.6,7),(379,4.8,8.6,8.2,6.5,5.7),(380,4.8,5.6,3.8,4.9,6),(381,5.4,6.8,6.2,6.3,6.8),(382,4.8,7.9,8.3,6.7,7.2),(383,4.8,7.3,5.3,5.3,4.9),(384,4.1,6.6,5.6,4.3,4.7),(385,5.1,8.1,5.9,6.6,6.1),(386,4.7,7.1,5.8,5.9,5.5),(387,4.9,7.4,6.1,5,4.5),(388,4.7,8.4,7.9,7.9,6.6),(389,4.9,6.8,7.3,7.5,6.7),(390,3.9,7.1,6.6,7.6,6.9),(391,4.1,7.1,5.4,5.6,4.3),(392,5.2,6,6.7,6.4,7.4),(393,4.9,8.7,8.3,6.6,6.2),(394,4.8,7.7,7.2,6.1,6.1),(395,5.4,8.3,5.8,6.3,6.3),(396,5,8.1,5.3,5.4,6.9),(397,4.7,5.2,4.6,3.2,3.2),(398,4.8,6.6,7.4,6.6,5.6),(399,5.3,6.6,7.9,7.2,6.7),(400,4.9,8.3,8.4,7.6,5.5),(401,5.4,6.7,6.4,4.1,4.4),(402,5.3,8.6,6.3,6.5,6.1),(403,4.8,6.3,5.3,5.3,4.8),(404,4.8,7.8,7.7,7.4,6.6),(405,4.1,8.2,7.2,5.9,5.5),(406,5.1,8.9,7.5,5.7,7.2),(407,5,5.6,5.7,5.9,6.1),(408,4.3,8.6,6.2,7,5.9),(409,4.6,4.8,4.2,4.4,4.2),(410,5.5,6.8,6.2,6.2,6.2),(411,4.5,7.1,4.8,4.2,4),(412,4.5,5.9,6.9,5.6,6.2),(413,4.4,6.2,6.2,4.6,3.7),(414,4.8,6.7,6.5,4.2,5.3),(415,4.7,7.6,6.4,5.4,5.3),(416,4.6,6.3,5.1,4.9,4.9),(417,5.1,7.7,5.6,5.1,5.7),(418,5,5.3,6.2,6.2,6.1),(419,4.6,8.8,7,5.7,6.1),(420,4.9,5.4,6.2,6.2,5.1),(421,4.9,8.3,7.3,6.4,5),(422,5.5,6.6,3.5,4,4.1),(423,4.3,5.9,5.7,4.2,3.6),(424,4.3,6.2,5.7,5.1,3.9),(425,4.7,5.5,4.5,4.3,6.3),(426,4.5,6.1,5.8,6.4,5.1),(427,5.4,8.7,8,5.1,5.6),(428,4.6,5.2,5.5,4.2,4.5),(429,4.8,6.9,5.9,6.8,5.2),(430,4.9,7.8,8.8,7.3,7.4),(431,5.1,7.1,6.7,5.6,6.1),(432,4.7,5.6,5.3,3.8,3.2),(433,4.9,6.7,6.9,6,4.7),(434,4.6,6.4,6.3,6,4.9),(435,4.7,6.2,8.7,7.2,5.1),(436,4.2,8.3,8.2,7.9,7.4),(437,5,8.5,8.3,5.1,4.6),(438,5.3,7.5,5.9,5.7,5.7),(439,4.6,8.6,8.3,4.6,6.6),(440,4.4,6,8.4,6.8,4.4),(441,5.1,6,6,5.8,5.6),(442,4.5,4.8,4.9,5.2,4.7),(443,4.5,7.5,7.2,3.5,6.8),(444,4.7,7.7,6.9,6.5,7.3),(445,4.9,6.2,6.8,5.6,5.3),(446,4.5,5.8,5.6,4.7,5.1),(447,4.7,5,4.2,3.9,4),(448,3.9,6.8,6.4,5.6,5),(449,4.8,7.2,8.4,8.3,6.7),(450,5.3,4.6,6.2,5.1,4.9),(451,4.4,5,4.9,3.9,4.8),(452,5.1,7.3,6.3,5.7,4.8),(453,5,8.4,6.8,5.7,5.5),(454,4.8,7.8,5.6,5.3,6.4),(455,4.7,5.6,7.1,5.5,4.4),(456,4.4,5.7,5.1,4.1,4.4),(457,4.6,6.6,3.6,4.1,4.4),(458,4.4,6.3,5.2,4.2,4.7),(459,5.2,8.9,7.1,5.3,7.1),(460,4.1,6.2,5.2,5,5.3),(461,4.7,7.7,6.4,4.9,5.1),(462,5.1,8.3,7.8,7.7,6.6);
/*!40000 ALTER TABLE `glucoseM` ENABLE KEYS */;
UNLOCK TABLES;

--
-- Table structure for table `grupo`
--

DROP TABLE IF EXISTS `grupo`;
/*!40101 SET @saved_cs_client     = @@character_set_client */;
/*!40101 SET character_set_client = utf8 */;
CREATE TABLE `grupo` (
  `idgrupo` int(11) NOT NULL,
  `numberGrupo` int(11) NOT NULL,
  `tipoGrupo` varchar(45) NOT NULL,
  PRIMARY KEY (`idgrupo`)
) ENGINE=InnoDB DEFAULT CHARSET=utf8;
/*!40101 SET character_set_client = @saved_cs_client */;

--
-- Dumping data for table `grupo`
--

LOCK TABLES `grupo` WRITE;
/*!40000 ALTER TABLE `grupo` DISABLE KEYS */;
INSERT INTO `grupo` VALUES (1,1,'GLUCOSE'),(2,2,'GLUCOSE'),(3,3,'GLUCOSE'),(4,4,'GLUCOSE'),(5,5,'GLUCOSE'),(6,6,'GLUCOSE'),(7,7,'GLUCOSE'),(8,8,'GLUCOSE'),(9,9,'GLUCOSE'),(10,10,'GLUCOSE'),(11,11,'GLUCOSE'),(12,12,'GLUCOSE'),(13,13,'GLUCOSE'),(14,14,'GLUCOSE'),(15,15,'GLUCOSE'),(16,1,'INSULINE'),(17,2,'INSULINE'),(18,3,'INSULINE'),(19,4,'INSULINE'),(20,5,'INSULINE'),(21,6,'INSULINE'),(22,7,'INSULINE'),(23,8,'INSULINE'),(24,9,'INSULINE'),(25,10,'INSULINE'),(26,11,'INSULINE');
/*!40000 ALTER TABLE `grupo` ENABLE KEYS */;
UNLOCK TABLES;

--
-- Table structure for table `grupoPaciente`
--

DROP TABLE IF EXISTS `grupoPaciente`;
/*!40101 SET @saved_cs_client     = @@character_set_client */;
/*!40101 SET character_set_client = utf8 */;
CREATE TABLE `grupoPaciente` (
  `paciente` int(11) NOT NULL,
  `grupo` int(11) NOT NULL,
  PRIMARY KEY (`paciente`,`grupo`),
  KEY `fk_paciente_has_grupo_grupo1_idx` (`grupo`),
  KEY `fk_paciente_has_grupo_paciente_idx` (`paciente`),
  CONSTRAINT `fk_paciente_has_grupo_grupo1` FOREIGN KEY (`grupo`) REFERENCES `grupo` (`idgrupo`) ON DELETE CASCADE ON UPDATE CASCADE,
  CONSTRAINT `fk_paciente_has_grupo_paciente` FOREIGN KEY (`paciente`) REFERENCES `paciente` (`idpaciente`) ON DELETE CASCADE ON UPDATE CASCADE
) ENGINE=InnoDB DEFAULT CHARSET=utf8;
/*!40101 SET character_set_client = @saved_cs_client */;

--
-- Dumping data for table `grupoPaciente`
--

LOCK TABLES `grupoPaciente` WRITE;
/*!40000 ALTER TABLE `grupoPaciente` DISABLE KEYS */;
INSERT INTO `grupoPaciente` VALUES (1,1),(23,1),(27,1),(36,1),(48,1),(53,1),(71,1),(83,1),(94,1),(114,1),(115,1),(117,1),(120,1),(141,1),(149,1),(150,1),(172,1),(177,1),(188,1),(207,1),(211,1),(245,1),(252,1),(254,1),(276,1),(277,1),(279,1),(294,1),(296,1),(298,1),(301,1),(305,1),(326,1),(333,1),(343,1),(352,1),(354,1),(359,1),(361,1),(374,1),(391,1),(396,1),(405,1),(415,1),(417,1),(438,1),(448,1),(454,1),(461,1),(32,2),(64,2),(68,2),(146,2),(152,2),(164,2),(214,2),(223,2),(224,2),(231,2),(235,2),(240,2),(243,2),(310,2),(327,2),(331,2),(357,2),(365,2),(378,2),(382,2),(388,2),(404,2),(430,2),(436,2),(449,2),(462,2),(4,3),(10,3),(16,3),(19,3),(21,3),(29,3),(30,3),(31,3),(34,3),(44,3),(47,3),(56,3),(67,3),(69,3),(73,3),(75,3),(79,3),(84,3),(95,3),(96,3),(103,3),(111,3),(123,3),(124,3),(134,3),(140,3),(143,3),(148,3),(155,3),(156,3),(165,3),(169,3),(174,3),(175,3),(179,3),(186,3),(190,3),(192,3),(204,3),(208,3),(212,3),(225,3),(226,3),(227,3),(233,3),(262,3),(265,3),(283,3),(284,3),(286,3),(287,3),(288,3),(290,3),(308,3),(313,3),(314,3),(337,3),(356,3),(362,3),(364,3),(368,3),(370,3),(383,3),(387,3),(401,3),(403,3),(413,3),(416,3),(424,3),(442,3),(18,4),(20,4),(46,4),(58,4),(87,4),(110,4),(121,4),(129,4),(167,4),(191,4),(200,4),(205,4),(217,4),(218,4),(247,4),(258,4),(266,4),(280,4),(291,4),(300,4),(317,4),(322,4),(324,4),(353,4),(422,4),(457,4),(2,5),(8,5),(9,5),(14,5),(15,5),(22,5),(28,5),(35,5),(40,5),(41,5),(66,5),(72,5),(74,5),(80,5),(81,5),(92,5),(98,5),(100,5),(132,5),(197,5),(221,5),(238,5),(251,5),(257,5),(259,5),(263,5),(272,5),(278,5),(306,5),(315,5),(316,5),(321,5),(344,5),(347,5),(351,5),(367,5),(377,5),(407,5),(418,5),(420,5),(433,5),(441,5),(445,5),(450,5),(455,5),(25,6),(38,6),(82,6),(101,6),(109,6),(113,6),(119,6),(128,6),(145,6),(158,6),(209,6),(237,6),(256,6),(267,6),(269,6),(274,6),(311,6),(335,6),(336,6),(421,6),(443,6),(452,6),(3,7),(157,7),(178,7),(185,7),(198,7),(206,7),(220,7),(244,7),(248,7),(260,7),(273,7),(285,7),(295,7),(318,7),(329,7),(338,7),(384,7),(411,7),(423,7),(428,7),(432,7),(456,7),(458,7),(460,7),(6,8),(11,8),(24,8),(26,8),(51,8),(59,8),(61,8),(62,8),(63,8),(70,8),(76,8),(89,8),(90,8),(102,8),(106,8),(116,8),(122,8),(133,8),(154,8),(159,8),(171,8),(176,8),(182,8),(222,8),(239,8),(242,8),(246,8),(255,8),(270,8),(275,8),(281,8),(299,8),(303,8),(307,8),(309,8),(342,8),(349,8),(363,8),(366,8),(375,8),(381,8),(385,8),(390,8),(392,8),(395,8),(402,8),(408,8),(410,8),(429,8),(431,8),(444,8),(49,9),(57,9),(78,9),(105,9),(107,9),(126,9),(130,9),(170,9),(187,9),(219,9),(241,9),(261,9),(312,9),(371,9),(379,9),(393,9),(400,9),(50,10),(60,10),(85,10),(91,10),(166,10),(201,10),(215,10),(297,10),(355,10),(397,10),(409,10),(447,10),(142,11),(230,11),(250,11),(253,11),(369,11),(7,12),(12,12),(13,12),(42,12),(45,12),(52,12),(77,12),(86,12),(88,12),(93,12),(97,12),(104,12),(112,12),(125,12),(127,12),(131,12),(136,12),(139,12),(151,12),(162,12),(168,12),(181,12),(184,12),(193,12),(195,12),(196,12),(199,12),(213,12),(228,12),(229,12),(236,12),(268,12),(271,12),(282,12),(304,12),(319,12),(323,12),(325,12),(328,12),(332,12),(334,12),(341,12),(345,12),(348,12),(350,12),(358,12),(372,12),(373,12),(389,12),(394,12),(398,12),(399,12),(406,12),(419,12),(427,12),(435,12),(437,12),(439,12),(440,12),(453,12),(459,12),(17,13),(33,13),(43,13),(54,13),(135,13),(147,13),(163,13),(194,13),(216,13),(264,13),(289,13),(330,13),(360,13),(386,13),(426,13),(434,13),(5,14),(37,14),(118,14),(153,14),(160,14),(161,14),(183,14),(189,14),(202,14),(232,14),(302,14),(320,14),(339,14),(376,14),(380,14),(425,14),(451,14),(39,15),(55,15),(65,15),(99,15),(108,15),(137,15),(138,15),(144,15),(173,15),(180,15),(203,15),(210,15),(234,15),(249,15),(292,15),(293,15),(340,15),(346,15),(412,15),(414,15),(446,15),(29,16),(52,16),(57,16),(97,16),(105,16),(108,16),(114,16),(130,16),(131,16),(132,16),(162,16),(188,16),(196,16),(207,16),(231,16),(259,16),(276,16),(309,16),(321,16),(328,16),(336,16),(345,16),(358,16),(360,16),(371,16),(400,16),(431,16),(448,16),(449,16),(3,17),(67,17),(72,17),(76,17),(77,17),(86,17),(87,17),(96,17),(101,17),(107,17),(119,17),(134,17),(143,17),(156,17),(163,17),(171,17),(173,17),(192,17),(198,17),(200,17),(216,17),(221,17),(240,17),(244,17),(248,17),(258,17),(260,17),(267,17),(268,17),(271,17),(274,17),(303,17),(304,17),(322,17),(323,17),(332,17),(346,17),(367,17),(380,17),(382,17),(385,17),(395,17),(407,17),(418,17),(425,17),(451,17),(458,17),(461,17),(44,18),(95,18),(170,18),(220,18),(230,18),(319,18),(381,18),(445,18),(2,19),(10,19),(39,19),(58,19),(62,19),(64,19),(68,19),(70,19),(74,19),(85,19),(92,19),(120,19),(123,19),(125,19),(136,19),(142,19),(144,19),(176,19),(180,19),(184,19),(185,19),(217,19),(222,19),(224,19),(227,19),(252,19),(254,19),(256,19),(257,19),(262,19),(291,19),(294,19),(300,19),(306,19),(308,19),(317,19),(331,19),(344,19),(351,19),(362,19),(366,19),(368,19),(373,19),(390,19),(393,19),(408,19),(420,19),(424,19),(433,19),(435,19),(436,19),(440,19),(447,19),(154,20),(235,20),(261,20),(264,20),(310,20),(341,20),(379,20),(416,20),(417,20),(421,20),(426,20),(1,21),(4,21),(5,21),(9,21),(13,21),(14,21),(16,21),(17,21),(23,21),(30,21),(31,21),(34,21),(38,21),(41,21),(47,21),(50,21),(54,21),(56,21),(59,21),(60,21),(61,21),(69,21),(75,21),(79,21),(82,21),(84,21),(88,21),(91,21),(94,21),(98,21),(99,21),(100,21),(102,21),(103,21),(104,21),(112,21),(115,21),(116,21),(117,21),(122,21),(126,21),(127,21),(128,21),(138,21),(140,21),(141,21),(145,21),(148,21),(149,21),(152,21),(153,21),(159,21),(169,21),(175,21),(178,21),(179,21),(181,21),(189,21),(190,21),(199,21),(202,21),(203,21),(204,21),(206,21),(208,21),(209,21),(210,21),(212,21),(218,21),(225,21),(229,21),(232,21),(233,21),(242,21),(243,21),(249,21),(263,21),(265,21),(283,21),(284,21),(287,21),(292,21),(295,21),(298,21),(305,21),(311,21),(313,21),(314,21),(315,21),(316,21),(318,21),(320,21),(325,21),(330,21),(335,21),(337,21),(338,21),(340,21),(343,21),(350,21),(357,21),(361,21),(364,21),(365,21),(374,21),(383,21),(386,21),(387,21),(391,21),(392,21),(397,21),(404,21),(406,21),(410,21),(412,21),(413,21),(414,21),(415,21),(423,21),(429,21),(430,21),(432,21),(434,21),(439,21),(441,21),(443,21),(452,21),(453,21),(454,21),(459,21),(460,21),(6,22),(11,22),(18,22),(24,22),(26,22),(27,22),(28,22),(40,22),(43,22),(45,22),(46,22),(49,22),(51,22),(66,22),(78,22),(81,22),(83,22),(90,22),(93,22),(129,22),(133,22),(135,22),(139,22),(150,22),(151,22),(157,22),(158,22),(160,22),(191,22),(211,22),(214,22),(219,22),(228,22),(236,22),(237,22),(238,22),(239,22),(241,22),(270,22),(278,22),(279,22),(285,22),(286,22),(302,22),(307,22),(327,22),(334,22),(352,22),(354,22),(363,22),(388,22),(411,22),(419,22),(422,22),(446,22),(456,22),(462,22),(15,23),(19,23),(53,23),(63,23),(106,23),(110,23),(113,23),(165,23),(167,23),(174,23),(194,23),(201,23),(205,23),(215,23),(246,23),(266,23),(269,23),(275,23),(296,23),(324,23),(329,23),(349,23),(402,23),(442,23),(21,24),(35,24),(36,24),(65,24),(73,24),(89,24),(109,24),(118,24),(124,24),(155,24),(166,24),(183,24),(187,24),(197,24),(245,24),(247,24),(255,24),(289,24),(293,24),(297,24),(356,24),(375,24),(377,24),(396,24),(399,24),(409,24),(437,24),(457,24),(7,25),(8,25),(12,25),(22,25),(25,25),(32,25),(33,25),(37,25),(48,25),(71,25),(80,25),(111,25),(137,25),(161,25),(164,25),(168,25),(177,25),(182,25),(186,25),(193,25),(213,25),(223,25),(226,25),(234,25),(251,25),(253,25),(272,25),(277,25),(280,25),(281,25),(282,25),(288,25),(290,25),(299,25),(312,25),(333,25),(339,25),(342,25),(347,25),(348,25),(353,25),(355,25),(359,25),(370,25),(378,25),(384,25),(389,25),(394,25),(401,25),(403,25),(405,25),(427,25),(438,25),(444,25),(20,26),(42,26),(55,26),(121,26),(146,26),(147,26),(172,26),(195,26),(250,26),(273,26),(301,26),(326,26),(369,26),(372,26),(376,26),(398,26),(428,26),(450,26),(455,26);
/*!40000 ALTER TABLE `grupoPaciente` ENABLE KEYS */;
UNLOCK TABLES;

--
-- Table structure for table `insulineM`
--

DROP TABLE IF EXISTS `insulineM`;
/*!40101 SET @saved_cs_client     = @@character_set_client */;
/*!40101 SET character_set_client = utf8 */;
CREATE TABLE `insulineM` (
  `idinsulineM` int(11) NOT NULL,
  `iB` double NOT NULL,
  `i30` double NOT NULL,
  `i60` double NOT NULL,
  `i90` double NOT NULL,
  `i120` double NOT NULL,
  PRIMARY KEY (`idinsulineM`)
) ENGINE=InnoDB DEFAULT CHARSET=utf8;
/*!40101 SET character_set_client = @saved_cs_client */;

--
-- Dumping data for table `insulineM`
--

LOCK TABLES `insulineM` WRITE;
/*!40000 ALTER TABLE `insulineM` DISABLE KEYS */;
INSERT INTO `insulineM` VALUES (1,52,401,380,122,185),(2,64,118,392,262,148),(3,88,261,256,59,37),(4,26,365,363,195,32),(5,28,390,305,149,204),(6,70,614,426,472,233),(7,26,303,297,146,247),(8,32,258,313,181,186),(9,88,338,335,242,238),(10,18,202,211,186,131),(11,54,456,423,477,199),(12,49,223,271,248,281),(13,24,315,481,315,335),(14,36,610,425,327,285),(15,31,410,147,335,397),(16,18,410,436,141,46),(17,17,294,440,400,368),(18,88,388,460,260,269),(19,26,385,178,339,196),(20,14,18,248,105,131),(21,14,175,235,103,46),(22,29,176,292,272,205),(23,41,257,360,275,253),(24,25,169,326,685,364),(25,46,136,330,231,235),(26,58,315,352,428,352),(27,44,385,552,310,277),(28,36,174,578,613,302),(29,50,274,417,268,164),(30,40,469,335,225,225),(31,33,490,313,274,239),(32,27,277,294,339,249),(33,21,271,354,215,201),(34,53,563,278,347,206),(35,20,65,122,75,75),(36,24,132,75,84,90),(37,37,322,261,231,294),(38,38,524,350,322,233),(39,14,229,229,181,181),(40,53,131,435,444,322),(41,63,345,383,319,334),(42,19,103,161,194,103),(43,56,395,288,488,404),(44,62,551,683,467,372),(45,30,267,521,655,250),(46,60,459,460,349,268),(47,25,405,371,213,240),(48,52,233,367,306,181),(49,14,302,371,600,359),(50,54,681,343,353,255),(51,79,410,361,507,335),(52,33,211,313,401,412),(53,34,530,181,162,289),(54,29,369,334,260,112),(55,14,81,201,98,89),(56,41,329,363,260,242),(57,26,245,290,351,333),(58,17,227,133,182,135),(59,22,493,285,319,368),(60,61,695,406,316,130),(61,14,344,438,336,247),(62,21,264,250,208,153),(63,33,433,180,402,288),(64,33,144,239,299,404),(65,14,90,111,90,125),(66,60,450,413,292,296),(67,20,182,203,217,167),(68,14,210,174,251,245),(69,24,292,434,269,271),(70,34,290,198,288,326),(71,36,293,197,163,229),(72,33,279,65,122,236),(73,22,228,84,92,93),(74,36,117,169,209,326),(75,47,493,259,261,336),(76,24,178,181,237,183),(77,25,173,205,195,119),(78,22,382,347,563,250),(79,60,569,271,319,171),(80,57,219,306,217,151),(81,40,438,480,299,370),(82,49,309,367,291,278),(83,80,589,410,395,249),(84,21,167,507,326,333),(85,14,133,203,209,311),(86,14,194,208,125,125),(87,14,110,190,188,184),(88,47,529,315,183,215),(89,21,90,69,90,63),(90,42,522,458,453,394),(91,35,374,355,196,151),(92,31,43,317,251,244),(93,36,394,535,513,225),(94,48,644,367,312,201),(95,65,497,617,363,304),(96,22,194,215,118,146),(97,64,187,305,368,292),(98,35,521,347,257,208),(99,31,288,424,269,256),(100,76,646,431,201,340),(101,21,167,174,174,160),(102,44,361,265,289,319),(103,14,235,367,278,272),(104,27,408,350,166,327),(105,14,219,313,390,222),(106,33,352,122,328,261),(107,103,196,162,183,153),(108,40,306,276,358,376),(109,15,243,141,111,82),(110,14,466,158,84,144),(111,14,197,323,245,240),(112,20,369,474,335,268),(113,31,508,244,214,213),(114,75,297,290,305,83),(115,45,631,213,261,275),(116,52,524,563,361,127),(117,14,364,474,386,310),(118,14,99,94,75,97),(119,35,145,174,225,111),(120,14,134,233,412,259),(121,58,171,210,140,116),(122,39,247,359,266,280),(123,24,224,295,211,128),(124,23,255,142,152,90),(125,39,229,204,263,333),(126,14,390,403,290,140),(127,19,256,467,357,280),(128,27,287,358,244,82),(129,33,479,300,400,361),(130,33,205,272,409,301),(131,25,171,226,475,349),(132,22,188,278,326,368),(133,63,544,398,656,251),(134,26,295,163,137,200),(135,35,290,356,463,317),(136,21,243,125,257,83),(137,49,154,341,160,234),(138,25,656,310,176,382),(139,51,256,503,443,332),(140,44,490,389,188,214),(141,21,368,466,308,213),(142,35,327,239,95,364),(143,14,119,153,187,169),(144,14,231,163,158,127),(145,44,374,389,284,144),(146,46,259,177,224,139),(147,14,77,134,176,126),(148,52,285,515,292,176),(149,74,390,331,333,258),(150,67,536,343,343,404),(151,39,351,502,340,230),(152,21,208,465,306,340),(153,40,621,318,278,303),(154,44,583,519,417,367),(155,22,83,111,56,69),(156,14,181,240,206,122),(157,38,504,442,426,388),(158,81,560,278,466,115),(159,21,382,326,257,299),(160,88,522,524,317,388),(161,36,302,262,226,321),(162,15,169,635,200,55),(163,14,310,95,129,218),(164,35,278,299,257,271),(165,45,347,247,395,254),(166,14,216,35,66,24),(167,23,526,78,188,226),(168,33,163,366,193,182),(169,35,444,299,322,124),(170,52,533,649,331,288),(171,16,99,118,183,190),(172,21,125,229,153,118),(173,17,121,210,193,195),(174,21,431,90,278,375),(175,47,554,315,151,169),(176,14,222,222,236,292),(177,52,367,256,252,235),(178,52,526,423,284,162),(179,16,215,348,267,324),(180,14,236,275,110,306),(181,47,658,583,254,392),(182,46,295,221,214,285),(183,14,106,119,112,132),(184,36,67,216,394,189),(185,24,319,225,224,122),(186,14,215,324,177,112),(187,14,222,131,171,59),(188,47,282,436,486,24),(189,58,442,456,200,349),(190,37,594,248,304,346),(191,45,336,386,373,326),(192,14,201,188,111,153),(193,14,183,352,333,219),(194,14,382,201,215,153),(195,14,97,217,183,90),(196,49,212,301,336,334),(197,21,278,139,160,104),(198,14,178,125,110,156),(199,48,631,454,172,171),(200,17,231,119,121,177),(201,14,504,226,260,162),(202,40,591,372,126,367),(203,24,367,317,122,192),(204,20,594,256,230,215),(205,53,520,254,111,133),(206,31,270,558,243,232),(207,26,148,324,426,299),(208,33,357,393,152,161),(209,38,360,454,153,228),(210,37,308,419,284,303),(211,102,449,315,533,333),(212,90,535,394,203,231),(213,63,274,284,222,219),(214,33,470,444,398,390),(215,35,382,143,125,88),(216,14,136,147,188,169),(217,24,268,128,268,164),(218,84,551,249,281,204),(219,40,464,463,517,330),(220,42,510,629,477,98),(221,33,128,215,199,118),(222,14,227,119,224,362),(223,14,221,265,313,175),(224,58,141,259,264,314),(225,27,368,410,236,167),(226,33,367,250,154,213),(227,37,148,315,236,153),(228,59,453,438,394,310),(229,29,385,322,351,319),(230,67,435,695,184,268),(231,24,174,319,309,290),(232,40,460,381,219,301),(233,24,365,347,169,240),(234,14,102,292,214,248),(235,26,446,583,669,360),(236,16,285,492,551,242),(237,76,390,409,435,415),(238,69,310,473,482,288),(239,65,433,565,468,224),(240,31,139,169,117,194),(241,49,500,455,574,322),(242,35,574,309,257,324),(243,27,349,628,247,286),(244,22,253,219,189,40),(245,24,191,165,72,107),(246,55,431,170,256,157),(247,14,172,142,51,27),(248,27,297,244,119,54),(249,30,351,604,295,226),(250,27,176,249,77,124),(251,15,274,190,195,258),(252,31,249,152,306,79),(253,28,349,281,172,199),(254,26,283,219,246,163),(255,19,14,132,231,88),(256,14,163,331,264,136),(257,14,107,401,317,131),(258,23,183,244,190,161),(259,20,295,353,410,406),(260,17,206,217,152,145),(261,14,677,596,531,270),(262,33,224,297,210,147),(263,43,315,378,228,333),(264,47,695,554,398,344),(265,30,417,417,205,341),(266,50,574,210,135,113),(267,22,149,159,256,212),(268,21,236,153,83,181),(269,39,382,241,249,151),(270,14,547,386,407,345),(271,14,136,183,209,183),(272,14,181,398,215,184),(273,14,156,151,202,105),(274,15,138,146,354,191),(275,14,313,141,378,294),(276,31,186,395,319,63),(277,53,370,142,202,260),(278,63,513,457,370,413),(279,44,497,327,419,303),(280,44,363,157,210,208),(281,38,334,174,176,269),(282,28,282,223,205,203),(283,58,657,381,242,58),(284,26,454,368,337,195),(285,44,369,509,406,283),(286,22,324,503,524,335),(287,51,532,310,206,313),(288,48,386,196,156,228),(289,14,205,134,108,119),(290,29,119,301,155,169),(291,14,151,138,456,286),(292,22,419,466,224,242),(293,31,23,63,79,52),(294,14,224,189,218,230),(295,28,339,469,189,240),(296,49,599,112,223,301),(297,22,172,124,98,92),(298,57,666,327,82,230),(299,44,206,251,253,251),(300,14,300,184,169,147),(301,14,115,257,92,163),(302,46,432,484,363,403),(303,14,176,192,264,178),(304,28,176,194,281,140),(305,14,309,331,299,347),(306,14,227,163,192,181),(307,39,558,336,414,379),(308,14,30,363,246,139),(309,14,241,301,415,247),(310,26,559,676,494,333),(311,57,547,354,197,87),(312,31,249,210,218,214),(313,67,695,407,299,344),(314,17,375,333,172,234),(315,78,467,326,287,261),(316,20,466,297,283,246),(317,14,108,314,315,160),(318,50,388,601,146,137),(319,75,397,576,265,368),(320,25,319,425,131,246),(321,86,287,431,322,90),(322,40,70,101,222,206),(323,17,112,178,303,219),(324,62,463,189,261,189),(325,29,389,409,322,94),(326,48,247,197,187,128),(327,44,461,423,297,335),(328,31,195,238,434,371),(329,68,376,172,240,123),(330,53,315,348,272,374),(331,42,163,209,310,360),(332,27,151,201,154,189),(333,22,182,322,167,188),(334,71,317,360,339,289),(335,26,303,337,188,110),(336,14,269,416,253,133),(337,29,667,275,315,281),(338,25,415,391,108,56),(339,14,368,243,146,181),(340,62,322,300,263,362),(341,58,632,543,495,402),(342,22,235,288,301,149),(343,35,414,436,150,285),(344,34,197,148,210,298),(345,26,176,430,444,229),(346,14,180,181,135,147),(347,28,239,308,312,244),(348,14,269,297,172,190),(349,42,272,94,362,213),(350,26,460,608,233,249),(351,33,213,163,183,234),(352,71,427,457,330,320),(353,38,360,233,190,211),(354,90,442,534,236,299),(355,66,258,244,169,232),(356,17,303,50,115,82),(357,35,347,451,271,361),(358,21,203,301,351,272),(359,14,201,270,233,247),(360,17,228,296,319,300),(361,81,493,208,267,328),(362,28,233,201,184,123),(363,61,642,431,510,381),(364,45,390,392,256,95),(365,38,270,354,250,295),(366,23,118,146,206,387),(367,23,168,135,194,215),(368,65,73,78,251,317),(369,24,213,242,63,122),(370,25,216,309,260,240),(371,33,247,224,415,126),(372,14,69,253,188,99),(373,14,259,213,180,151),(374,54,328,447,299,234),(375,14,97,108,134,87),(376,22,110,194,149,147),(377,14,109,94,135,97),(378,47,281,302,269,207),(379,92,404,652,458,294),(380,40,360,50,128,195),(381,61,341,626,347,381),(382,16,192,251,149,151),(383,52,672,366,271,214),(384,36,211,308,165,147),(385,26,163,226,204,188),(386,61,659,298,261,358),(387,33,460,317,231,190),(388,44,377,373,472,351),(389,23,276,365,323,251),(390,14,218,157,179,251),(391,14,365,438,363,224),(392,29,383,264,315,380),(393,14,237,245,192,138),(394,21,257,250,278,278),(395,22,257,111,167,167),(396,50,51,47,134,42),(397,40,292,518,101,329),(398,14,94,278,188,176),(399,14,49,79,93,97),(400,24,276,385,410,176),(401,38,172,276,167,150),(402,14,390,210,238,112),(403,14,290,226,249,237),(404,37,363,327,282,366),(405,14,281,305,200,241),(406,56,379,381,170,400),(407,49,134,124,226,230),(408,18,288,221,262,137),(409,14,51,43,45,45),(410,83,218,284,298,233),(411,57,486,442,315,225),(412,23,292,510,183,187),(413,20,425,611,322,109),(414,51,568,541,174,375),(415,51,343,448,356,215),(416,90,663,695,544,398),(417,84,531,577,455,382),(418,33,76,207,172,115),(419,75,538,469,403,382),(420,30,220,246,194,158),(421,31,678,653,362,211),(422,21,632,299,493,354),(423,28,281,490,422,394),(424,24,215,219,204,110),(425,16,133,211,172,181),(426,21,436,607,644,218),(427,14,160,250,260,237),(428,24,97,157,142,128),(429,51,381,331,277,320),(430,22,292,500,403,285),(431,26,201,343,379,222),(432,15,380,354,337,185),(433,27,214,272,242,163),(434,49,312,404,263,324),(435,14,81,110,394,228),(436,14,163,86,191,328),(437,19,113,146,94,62),(438,28,313,172,221,191),(439,30,481,558,96,172),(440,17,95,260,271,90),(441,20,353,356,324,149),(442,31,425,258,232,154),(443,38,317,417,133,337),(444,61,352,231,224,322),(445,45,452,643,451,344),(446,50,417,400,322,358),(447,62,178,193,203,278),(448,20,272,290,501,399),(449,36,222,351,406,413),(450,47,113,249,185,89),(451,16,147,225,163,144),(452,14,376,419,401,292),(453,22,511,578,269,208),(454,74,390,331,333,258),(455,20,97,252,190,117),(456,58,443,458,401,395),(457,14,183,93,112,110),(458,14,194,256,198,133),(459,46,456,585,182,385),(460,14,244,390,275,287),(461,14,160,201,176,197),(462,58,503,379,519,309);
/*!40000 ALTER TABLE `insulineM` ENABLE KEYS */;
UNLOCK TABLES;

--
-- Table structure for table `paciente`
--

DROP TABLE IF EXISTS `paciente`;
/*!40101 SET @saved_cs_client     = @@character_set_client */;
/*!40101 SET character_set_client = utf8 */;
CREATE TABLE `paciente` (
  `idpaciente` int(11) NOT NULL,
  `edad` int(11) DEFAULT NULL,
  `sexo` varchar(45) DEFAULT NULL,
  `estado` varchar(45) DEFAULT NULL,
  `isAjustado` varchar(45) NOT NULL,
  `valuesParam` int(11) NOT NULL,
  `glucoseM` int(11) NOT NULL,
  `insulineM` int(11) NOT NULL,
  PRIMARY KEY (`idpaciente`),
  KEY `fk_paciente_valuesParam1_idx` (`valuesParam`),
  KEY `fk_paciente_glucoseM1_idx` (`glucoseM`),
  KEY `fk_paciente_insulineM1_idx` (`insulineM`),
  CONSTRAINT `fk_paciente_glucoseM1` FOREIGN KEY (`glucoseM`) REFERENCES `glucoseM` (`idglucoseM`) ON DELETE CASCADE ON UPDATE CASCADE,
  CONSTRAINT `fk_paciente_insulineM1` FOREIGN KEY (`insulineM`) REFERENCES `insulineM` (`idinsulineM`) ON DELETE CASCADE ON UPDATE CASCADE,
  CONSTRAINT `fk_paciente_valuesParam1` FOREIGN KEY (`valuesParam`) REFERENCES `valuesParam` (`idvaluesParam`) ON DELETE CASCADE ON UPDATE CASCADE
) ENGINE=InnoDB DEFAULT CHARSET=utf8;
/*!40101 SET character_set_client = @saved_cs_client */;

--
-- Dumping data for table `paciente`
--

LOCK TABLES `paciente` WRITE;
/*!40000 ALTER TABLE `paciente` DISABLE KEYS */;
INSERT INTO `paciente` VALUES (1,99,'NA','NORMAL','SI',1,1,1),(2,99,'NA','NORMAL','SI',2,2,2),(3,99,'NA','NORMAL','NO',3,3,3),(4,99,'NA','NORMAL','SI',4,4,4),(5,99,'NA','NORMAL','SI',5,5,5),(6,99,'NA','NORMAL','SI',6,6,6),(7,99,'NA','NORMAL','SI',7,7,7),(8,99,'NA','NORMAL','NO',8,8,8),(9,99,'NA','NORMAL','SI',9,9,9),(10,99,'NA','NORMAL','SI',10,10,10),(11,99,'NA','NORMAL','SI',11,11,11),(12,99,'NA','NORMAL','SI',12,12,12),(13,99,'NA','NORMAL','SI',13,13,13),(14,99,'NA','NORMAL','SI',14,14,14),(15,99,'NA','NORMAL','SI',15,15,15),(16,99,'NA','NORMAL','SI',16,16,16),(17,99,'NA','NORMAL','SI',17,17,17),(18,99,'NA','NORMAL','SI',18,18,18),(19,99,'NA','NORMAL','SI',19,19,19),(20,99,'NA','NORMAL','NO',20,20,20),(21,99,'NA','NORMAL','SI',21,21,21),(22,99,'NA','NORMAL','SI',22,22,22),(23,99,'NA','NORMAL','SI',23,23,23),(24,99,'NA','NORMAL','SI',24,24,24),(25,99,'NA','NORMAL','SI',25,25,25),(26,99,'NA','NORMAL','NO',26,26,26),(27,99,'NA','NORMAL','SI',27,27,27),(28,99,'NA','NORMAL','SI',28,28,28),(29,99,'NA','NORMAL','SI',29,29,29),(30,99,'NA','NORMAL','SI',30,30,30),(31,99,'NA','NORMAL','SI',31,31,31),(32,99,'NA','NORMAL','SI',32,32,32),(33,99,'NA','NORMAL','SI',33,33,33),(34,99,'NA','NORMAL','SI',34,34,34),(35,99,'NA','NORMAL','SI',35,35,35),(36,99,'NA','NORMAL','SI',36,36,36),(37,99,'NA','NORMAL','SI',37,37,37),(38,99,'NA','NORMAL','SI',38,38,38),(39,99,'NA','NORMAL','SI',39,39,39),(40,99,'NA','NORMAL','SI',40,40,40),(41,99,'NA','NORMAL','SI',41,41,41),(42,99,'NA','NORMAL','SI',42,42,42),(43,99,'NA','NORMAL','SI',43,43,43),(44,99,'NA','NORMAL','SI',44,44,44),(45,99,'NA','NORMAL','SI',45,45,45),(46,99,'NA','NORMAL','SI',46,46,46),(47,99,'NA','NORMAL','SI',47,47,47),(48,99,'NA','NORMAL','SI',48,48,48),(49,99,'NA','NORMAL','SI',49,49,49),(50,99,'NA','NORMAL','SI',50,50,50),(51,99,'NA','NORMAL','SI',51,51,51),(52,99,'NA','NORMAL','SI',52,52,52),(53,99,'NA','NORMAL','SI',53,53,53),(54,99,'NA','NORMAL','SI',54,54,54),(55,99,'NA','NORMAL','SI',55,55,55),(56,99,'NA','NORMAL','SI',56,56,56),(57,99,'NA','NORMAL','SI',57,57,57),(58,99,'NA','NORMAL','SI',58,58,58),(59,99,'NA','NORMAL','SI',59,59,59),(60,99,'NA','NORMAL','SI',60,60,60),(61,99,'NA','NORMAL','SI',61,61,61),(62,99,'NA','NORMAL','SI',62,62,62),(63,99,'NA','NORMAL','SI',63,63,63),(64,99,'NA','NORMAL','SI',64,64,64),(65,99,'NA','NORMAL','NO',65,65,65),(66,99,'NA','NORMAL','SI',66,66,66),(67,99,'NA','NORMAL','SI',67,67,67),(68,99,'NA','NORMAL','SI',68,68,68),(69,99,'NA','NORMAL','SI',69,69,69),(70,99,'NA','NORMAL','SI',70,70,70),(71,99,'NA','NORMAL','SI',71,71,71),(72,99,'NA','NORMAL','SI',72,72,72),(73,99,'NA','NORMAL','SI',73,73,73),(74,99,'NA','NORMAL','NO',74,74,74),(75,99,'NA','NORMAL','NO',75,75,75),(76,99,'NA','NORMAL','SI',76,76,76),(77,99,'NA','NORMAL','SI',77,77,77),(78,99,'NA','NORMAL','SI',78,78,78),(79,99,'NA','NORMAL','SI',79,79,79),(80,99,'NA','NORMAL','SI',80,80,80),(81,99,'NA','NORMAL','SI',81,81,81),(82,99,'NA','NORMAL','SI',82,82,82),(83,99,'NA','NORMAL','SI',83,83,83),(84,99,'NA','NORMAL','SI',84,84,84),(85,99,'NA','NORMAL','SI',85,85,85),(86,99,'NA','NORMAL','SI',86,86,86),(87,99,'NA','NORMAL','SI',87,87,87),(88,99,'NA','NORMAL','SI',88,88,88),(89,99,'NA','NORMAL','SI',89,89,89),(90,99,'NA','NORMAL','SI',90,90,90),(91,99,'NA','NORMAL','SI',91,91,91),(92,99,'NA','NORMAL','SI',92,92,92),(93,99,'NA','NORMAL','SI',93,93,93),(94,99,'NA','NORMAL','SI',94,94,94),(95,99,'NA','NORMAL','SI',95,95,95),(96,99,'NA','NORMAL','SI',96,96,96),(97,99,'NA','NORMAL','SI',97,97,97),(98,99,'NA','NORMAL','SI',98,98,98),(99,99,'NA','NORMAL','SI',99,99,99),(100,99,'NA','NORMAL','SI',100,100,100),(101,99,'NA','NORMAL','SI',101,101,101),(102,99,'NA','NORMAL','SI',102,102,102),(103,99,'NA','NORMAL','SI',103,103,103),(104,99,'NA','NORMAL','SI',104,104,104),(105,99,'NA','NORMAL','SI',105,105,105),(106,99,'NA','NORMAL','SI',106,106,106),(107,99,'NA','NORMAL','NO',107,107,107),(108,99,'NA','NORMAL','NO',108,108,108),(109,99,'NA','NORMAL','SI',109,109,109),(110,99,'NA','NORMAL','SI',110,110,110),(111,99,'NA','NORMAL','SI',111,111,111),(112,99,'NA','NORMAL','SI',112,112,112),(113,99,'NA','NORMAL','SI',113,113,113),(114,99,'NA','NORMAL','NO',114,114,114),(115,99,'NA','NORMAL','SI',115,115,115),(116,99,'NA','NORMAL','SI',116,116,116),(117,99,'NA','NORMAL','SI',117,117,117),(118,99,'NA','NORMAL','SI',118,118,118),(119,99,'NA','NORMAL','SI',119,119,119),(120,99,'NA','NORMAL','SI',120,120,120),(121,99,'NA','NORMAL','SI',121,121,121),(122,99,'NA','NORMAL','SI',122,122,122),(123,99,'NA','NORMAL','SI',123,123,123),(124,99,'NA','NORMAL','SI',124,124,124),(125,99,'NA','NORMAL','NO',125,125,125),(126,99,'NA','NORMAL','SI',126,126,126),(127,99,'NA','NORMAL','SI',127,127,127),(128,99,'NA','NORMAL','SI',128,128,128),(129,99,'NA','NORMAL','NO',129,129,129),(130,99,'NA','NORMAL','SI',130,130,130),(131,99,'NA','NORMAL','SI',131,131,131),(132,99,'NA','NORMAL','SI',132,132,132),(133,99,'NA','NORMAL','SI',133,133,133),(134,99,'NA','NORMAL','SI',134,134,134),(135,99,'NA','NORMAL','SI',135,135,135),(136,99,'NA','NORMAL','NO',136,136,136),(137,99,'NA','NORMAL','NO',137,137,137),(138,99,'NA','NORMAL','SI',138,138,138),(139,99,'NA','NORMAL','SI',139,139,139),(140,99,'NA','NORMAL','SI',140,140,140),(141,99,'NA','NORMAL','SI',141,141,141),(142,99,'NA','NORMAL','SI',142,142,142),(143,99,'NA','NORMAL','SI',143,143,143),(144,99,'NA','NORMAL','SI',144,144,144),(145,99,'NA','NORMAL','SI',145,145,145),(146,99,'NA','NORMAL','SI',146,146,146),(147,99,'NA','NORMAL','SI',147,147,147),(148,99,'NA','NORMAL','SI',148,148,148),(149,99,'NA','NORMAL','SI',149,149,149),(150,99,'NA','NORMAL','SI',150,150,150),(151,99,'NA','NORMAL','SI',151,151,151),(152,99,'NA','NORMAL','SI',152,152,152),(153,99,'NA','NORMAL','SI',153,153,153),(154,99,'NA','NORMAL','SI',154,154,154),(155,99,'NA','NORMAL','SI',155,155,155),(156,99,'NA','NORMAL','NO',156,156,156),(157,99,'NA','NORMAL','SI',157,157,157),(158,99,'NA','NORMAL','SI',158,158,158),(159,99,'NA','NORMAL','SI',159,159,159),(160,99,'NA','NORMAL','SI',160,160,160),(161,99,'NA','NORMAL','SI',161,161,161),(162,99,'NA','NORMAL','SI',162,162,162),(163,99,'NA','NORMAL','SI',163,163,163),(164,99,'NA','NORMAL','SI',164,164,164),(165,99,'NA','NORMAL','SI',165,165,165),(166,99,'NA','NORMAL','SI',166,166,166),(167,99,'NA','NORMAL','NO',167,167,167),(168,99,'NA','NORMAL','SI',168,168,168),(169,99,'NA','NORMAL','SI',169,169,169),(170,99,'NA','NORMAL','SI',170,170,170),(171,99,'NA','NORMAL','SI',171,171,171),(172,99,'NA','NORMAL','SI',172,172,172),(173,99,'NA','NORMAL','SI',173,173,173),(174,99,'NA','NORMAL','SI',174,174,174),(175,99,'NA','NORMAL','SI',175,175,175),(176,99,'NA','NORMAL','SI',176,176,176),(177,99,'NA','NORMAL','SI',177,177,177),(178,99,'NA','NORMAL','SI',178,178,178),(179,99,'NA','NORMAL','SI',179,179,179),(180,99,'NA','NORMAL','SI',180,180,180),(181,99,'NA','NORMAL','SI',181,181,181),(182,99,'NA','NORMAL','SI',182,182,182),(183,99,'NA','NORMAL','SI',183,183,183),(184,99,'NA','NORMAL','SI',184,184,184),(185,99,'NA','NORMAL','NO',185,185,185),(186,99,'NA','NORMAL','SI',186,186,186),(187,99,'NA','NORMAL','SI',187,187,187),(188,99,'NA','NORMAL','NO',188,188,188),(189,99,'NA','NORMAL','SI',189,189,189),(190,99,'NA','NORMAL','SI',190,190,190),(191,99,'NA','NORMAL','SI',191,191,191),(192,99,'NA','NORMAL','SI',192,192,192),(193,99,'NA','NORMAL','SI',193,193,193),(194,99,'NA','NORMAL','SI',194,194,194),(195,99,'NA','NORMAL','SI',195,195,195),(196,99,'NA','NORMAL','SI',196,196,196),(197,99,'NA','NORMAL','SI',197,197,197),(198,99,'NA','NORMAL','NO',198,198,198),(199,99,'NA','NORMAL','SI',199,199,199),(200,99,'NA','NORMAL','SI',200,200,200),(201,99,'NA','NORMAL','NO',201,201,201),(202,99,'NA','NORMAL','SI',202,202,202),(203,99,'NA','NORMAL','SI',203,203,203),(204,99,'NA','NORMAL','NO',204,204,204),(205,99,'NA','NORMAL','NO',205,205,205),(206,99,'NA','NORMAL','SI',206,206,206),(207,99,'NA','NORMAL','SI',207,207,207),(208,99,'NA','NORMAL','SI',208,208,208),(209,99,'NA','NORMAL','NO',209,209,209),(210,99,'NA','NORMAL','SI',210,210,210),(211,99,'NA','NORMAL','NO',211,211,211),(212,99,'NA','NORMAL','SI',212,212,212),(213,99,'NA','NORMAL','SI',213,213,213),(214,99,'NA','NORMAL','SI',214,214,214),(215,99,'NA','NORMAL','NO',215,215,215),(216,99,'NA','NORMAL','SI',216,216,216),(217,99,'NA','NORMAL','SI',217,217,217),(218,99,'NA','NORMAL','SI',218,218,218),(219,99,'NA','NORMAL','SI',219,219,219),(220,99,'NA','NORMAL','SI',220,220,220),(221,99,'NA','NORMAL','SI',221,221,221),(222,99,'NA','NORMAL','NO',222,222,222),(223,99,'NA','NORMAL','SI',223,223,223),(224,99,'NA','NORMAL','NO',224,224,224),(225,99,'NA','NORMAL','SI',225,225,225),(226,99,'NA','NORMAL','SI',226,226,226),(227,99,'NA','NORMAL','SI',227,227,227),(228,99,'NA','NORMAL','SI',228,228,228),(229,99,'NA','NORMAL','SI',229,229,229),(230,99,'NA','NORMAL','SI',230,230,230),(231,99,'NA','NORMAL','SI',231,231,231),(232,99,'NA','NORMAL','SI',232,232,232),(233,99,'NA','NORMAL','SI',233,233,233),(234,99,'NA','NORMAL','NO',234,234,234),(235,99,'NA','NORMAL','SI',235,235,235),(236,99,'NA','NORMAL','SI',236,236,236),(237,99,'NA','NORMAL','SI',237,237,237),(238,99,'NA','NORMAL','SI',238,238,238),(239,99,'NA','NORMAL','NO',239,239,239),(240,99,'NA','NORMAL','SI',240,240,240),(241,99,'NA','NORMAL','SI',241,241,241),(242,99,'NA','NORMAL','SI',242,242,242),(243,99,'NA','NORMAL','SI',243,243,243),(244,99,'NA','NORMAL','NO',244,244,244),(245,99,'NA','NORMAL','SI',245,245,245),(246,99,'NA','NORMAL','SI',246,246,246),(247,99,'NA','NORMAL','SI',247,247,247),(248,99,'NA','NORMAL','SI',248,248,248),(249,99,'NA','NORMAL','SI',249,249,249),(250,99,'NA','NORMAL','SI',250,250,250),(251,99,'NA','NORMAL','SI',251,251,251),(252,99,'NA','NORMAL','NO',252,252,252),(253,99,'NA','NORMAL','SI',253,253,253),(254,99,'NA','NORMAL','SI',254,254,254),(255,99,'NA','NORMAL','NO',255,255,255),(256,99,'NA','NORMAL','SI',256,256,256),(257,99,'NA','NORMAL','SI',257,257,257),(258,99,'NA','NORMAL','SI',258,258,258),(259,99,'NA','NORMAL','SI',259,259,259),(260,99,'NA','NORMAL','SI',260,260,260),(261,99,'NA','NORMAL','SI',261,261,261),(262,99,'NA','NORMAL','SI',262,262,262),(263,99,'NA','NORMAL','SI',263,263,263),(264,99,'NA','NORMAL','SI',264,264,264),(265,99,'NA','NORMAL','SI',265,265,265),(266,99,'NA','NORMAL','SI',266,266,266),(267,99,'NA','NORMAL','SI',267,267,267),(268,99,'NA','NORMAL','SI',268,268,268),(269,99,'NA','NORMAL','SI',269,269,269),(270,99,'NA','NORMAL','SI',270,270,270),(271,99,'NA','NORMAL','SI',271,271,271),(272,99,'NA','NORMAL','SI',272,272,272),(273,99,'NA','NORMAL','SI',273,273,273),(274,99,'NA','NORMAL','SI',274,274,274),(275,99,'NA','NORMAL','SI',275,275,275),(276,99,'NA','NORMAL','SI',276,276,276),(277,99,'NA','NORMAL','NO',277,277,277),(278,99,'NA','NORMAL','SI',278,278,278),(279,99,'NA','NORMAL','SI',279,279,279),(280,99,'NA','NORMAL','SI',280,280,280),(281,99,'NA','NORMAL','SI',281,281,281),(282,99,'NA','NORMAL','SI',282,282,282),(283,99,'NA','NORMAL','SI',283,283,283),(284,99,'NA','NORMAL','SI',284,284,284),(285,99,'NA','NORMAL','SI',285,285,285),(286,99,'NA','NORMAL','NO',286,286,286),(287,99,'NA','NORMAL','SI',287,287,287),(288,99,'NA','NORMAL','SI',288,288,288),(289,99,'NA','NORMAL','SI',289,289,289),(290,99,'NA','NORMAL','NO',290,290,290),(291,99,'NA','NORMAL','NO',291,291,291),(292,99,'NA','NORMAL','SI',292,292,292),(293,99,'NA','NORMAL','NO',293,293,293),(294,99,'NA','NORMAL','SI',294,294,294),(295,99,'NA','NORMAL','NO',295,295,295),(296,99,'NA','NORMAL','SI',296,296,296),(297,99,'NA','NORMAL','SI',297,297,297),(298,99,'NA','NORMAL','SI',298,298,298),(299,99,'NA','NORMAL','SI',299,299,299),(300,99,'NA','NORMAL','NO',300,300,300),(301,99,'NA','NORMAL','NO',301,301,301),(302,99,'NA','NORMAL','SI',302,302,302),(303,99,'NA','NORMAL','SI',303,303,303),(304,99,'NA','NORMAL','NO',304,304,304),(305,99,'NA','NORMAL','SI',305,305,305),(306,99,'NA','NORMAL','SI',306,306,306),(307,99,'NA','NORMAL','SI',307,307,307),(308,99,'NA','NORMAL','NO',308,308,308),(309,99,'NA','NORMAL','SI',309,309,309),(310,99,'NA','NORMAL','SI',310,310,310),(311,99,'NA','NORMAL','SI',311,311,311),(312,99,'NA','NORMAL','SI',312,312,312),(313,99,'NA','NORMAL','SI',313,313,313),(314,99,'NA','NORMAL','NO',314,314,314),(315,99,'NA','NORMAL','SI',315,315,315),(316,99,'NA','NORMAL','SI',316,316,316),(317,99,'NA','NORMAL','SI',317,317,317),(318,99,'NA','NORMAL','NO',318,318,318),(319,99,'NA','NORMAL','SI',319,319,319),(320,99,'NA','NORMAL','SI',320,320,320),(321,99,'NA','NORMAL','NO',321,321,321),(322,99,'NA','NORMAL','NO',322,322,322),(323,99,'NA','NORMAL','SI',323,323,323),(324,99,'NA','NORMAL','SI',324,324,324),(325,99,'NA','NORMAL','SI',325,325,325),(326,99,'NA','NORMAL','SI',326,326,326),(327,99,'NA','NORMAL','SI',327,327,327),(328,99,'NA','NORMAL','SI',328,328,328),(329,99,'NA','NORMAL','NO',329,329,329),(330,99,'NA','NORMAL','SI',330,330,330),(331,99,'NA','NORMAL','SI',331,331,331),(332,99,'NA','NORMAL','SI',332,332,332),(333,99,'NA','NORMAL','SI',333,333,333),(334,99,'NA','NORMAL','SI',334,334,334),(335,99,'NA','NORMAL','SI',335,335,335),(336,99,'NA','NORMAL','SI',336,336,336),(337,99,'NA','NORMAL','SI',337,337,337),(338,99,'NA','NORMAL','SI',338,338,338),(339,99,'NA','NORMAL','SI',339,339,339),(340,99,'NA','NORMAL','SI',340,340,340),(341,99,'NA','NORMAL','SI',341,341,341),(342,99,'NA','NORMAL','SI',342,342,342),(343,99,'NA','NORMAL','SI',343,343,343),(344,99,'NA','NORMAL','SI',344,344,344),(345,99,'NA','NORMAL','SI',345,345,345),(346,99,'NA','NORMAL','SI',346,346,346),(347,99,'NA','NORMAL','SI',347,347,347),(348,99,'NA','NORMAL','SI',348,348,348),(349,99,'NA','NORMAL','SI',349,349,349),(350,99,'NA','NORMAL','SI',350,350,350),(351,99,'NA','NORMAL','SI',351,351,351),(352,99,'NA','NORMAL','SI',352,352,352),(353,99,'NA','NORMAL','SI',353,353,353),(354,99,'NA','NORMAL','SI',354,354,354),(355,99,'NA','NORMAL','SI',355,355,355),(356,99,'NA','NORMAL','NO',356,356,356),(357,99,'NA','NORMAL','SI',357,357,357),(358,99,'NA','NORMAL','SI',358,358,358),(359,99,'NA','NORMAL','SI',359,359,359),(360,99,'NA','NORMAL','SI',360,360,360),(361,99,'NA','NORMAL','SI',361,361,361),(362,99,'NA','NORMAL','SI',362,362,362),(363,99,'NA','NORMAL','SI',363,363,363),(364,99,'NA','NORMAL','SI',364,364,364),(365,99,'NA','NORMAL','SI',365,365,365),(366,99,'NA','NORMAL','SI',366,366,366),(367,99,'NA','NORMAL','SI',367,367,367),(368,99,'NA','NORMAL','SI',368,368,368),(369,99,'NA','NORMAL','SI',369,369,369),(370,99,'NA','NORMAL','SI',370,370,370),(371,99,'NA','NORMAL','SI',371,371,371),(372,99,'NA','NORMAL','SI',372,372,372),(373,99,'NA','NORMAL','SI',373,373,373),(374,99,'NA','NORMAL','SI',374,374,374),(375,99,'NA','NORMAL','SI',375,375,375),(376,99,'NA','NORMAL','SI',376,376,376),(377,99,'NA','NORMAL','SI',377,377,377),(378,99,'NA','NORMAL','SI',378,378,378),(379,99,'NA','NORMAL','SI',379,379,379),(380,99,'NA','NORMAL','SI',380,380,380),(381,99,'NA','NORMAL','SI',381,381,381),(382,99,'NA','NORMAL','SI',382,382,382),(383,99,'NA','NORMAL','SI',383,383,383),(384,99,'NA','NORMAL','SI',384,384,384),(385,99,'NA','NORMAL','SI',385,385,385),(386,99,'NA','NORMAL','SI',386,386,386),(387,99,'NA','NORMAL','SI',387,387,387),(388,99,'NA','NORMAL','SI',388,388,388),(389,99,'NA','NORMAL','SI',389,389,389),(390,99,'NA','NORMAL','SI',390,390,390),(391,99,'NA','NORMAL','SI',391,391,391),(392,99,'NA','NORMAL','SI',392,392,392),(393,99,'NA','NORMAL','SI',393,393,393),(394,99,'NA','NORMAL','SI',394,394,394),(395,99,'NA','NORMAL','SI',395,395,395),(396,99,'NA','NORMAL','NO',396,396,396),(397,99,'NA','NORMAL','NO',397,397,397),(398,99,'NA','NORMAL','SI',398,398,398),(399,99,'NA','NORMAL','SI',399,399,399),(400,99,'NA','NORMAL','SI',400,400,400),(401,99,'NA','NORMAL','SI',401,401,401),(402,99,'NA','NORMAL','SI',402,402,402),(403,99,'NA','NORMAL','SI',403,403,403),(404,99,'NA','NORMAL','SI',404,404,404),(405,99,'NA','NORMAL','SI',405,405,405),(406,99,'NA','NORMAL','SI',406,406,406),(407,99,'NA','NORMAL','SI',407,407,407),(408,99,'NA','NORMAL','SI',408,408,408),(409,99,'NA','NORMAL','SI',409,409,409),(410,99,'NA','NORMAL','SI',410,410,410),(411,99,'NA','NORMAL','SI',411,411,411),(412,99,'NA','NORMAL','SI',412,412,412),(413,99,'NA','NORMAL','SI',413,413,413),(414,99,'NA','NORMAL','SI',414,414,414),(415,99,'NA','NORMAL','SI',415,415,415),(416,99,'NA','NORMAL','SI',416,416,416),(417,99,'NA','NORMAL','SI',417,417,417),(418,99,'NA','NORMAL','SI',418,418,418),(419,99,'NA','NORMAL','SI',419,419,419),(420,99,'NA','NORMAL','NO',420,420,420),(421,99,'NA','NORMAL','SI',421,421,421),(422,99,'NA','NORMAL','SI',422,422,422),(423,99,'NA','NORMAL','SI',423,423,423),(424,99,'NA','NORMAL','SI',424,424,424),(425,99,'NA','NORMAL','SI',425,425,425),(426,99,'NA','NORMAL','SI',426,426,426),(427,99,'NA','NORMAL','SI',427,427,427),(428,99,'NA','NORMAL','NO',428,428,428),(429,99,'NA','NORMAL','SI',429,429,429),(430,99,'NA','NORMAL','SI',430,430,430),(431,99,'NA','NORMAL','SI',431,431,431),(432,99,'NA','NORMAL','SI',432,432,432),(433,99,'NA','NORMAL','SI',433,433,433),(434,99,'NA','NORMAL','SI',434,434,434),(435,99,'NA','NORMAL','SI',435,435,435),(436,99,'NA','NORMAL','SI',436,436,436),(437,99,'NA','NORMAL','SI',437,437,437),(438,99,'NA','NORMAL','SI',438,438,438),(439,99,'NA','NORMAL','SI',439,439,439),(440,99,'NA','NORMAL','SI',440,440,440),(441,99,'NA','NORMAL','SI',441,441,441),(442,99,'NA','NORMAL','SI',442,442,442),(443,99,'NA','NORMAL','NO',443,443,443),(444,99,'NA','NORMAL','SI',444,444,444),(445,99,'NA','NORMAL','SI',445,445,445),(446,99,'NA','NORMAL','SI',446,446,446),(447,99,'NA','NORMAL','SI',447,447,447),(448,99,'NA','NORMAL','SI',448,448,448),(449,99,'NA','NORMAL','SI',449,449,449),(450,99,'NA','NORMAL','NO',450,450,450),(451,99,'NA','NORMAL','SI',451,451,451),(452,99,'NA','NORMAL','SI',452,452,452),(453,99,'NA','NORMAL','SI',453,453,453),(454,99,'NA','NORMAL','SI',454,454,454),(455,99,'NA','NORMAL','SI',455,455,455),(456,99,'NA','NORMAL','SI',456,456,456),(457,99,'NA','NORMAL','SI',457,457,457),(458,99,'NA','NORMAL','SI',458,458,458),(459,99,'NA','NORMAL','SI',459,459,459),(460,99,'NA','NORMAL','SI',460,460,460),(461,99,'NA','NORMAL','SI',461,461,461),(462,99,'NA','NORMAL','SI',462,462,462);
/*!40000 ALTER TABLE `paciente` ENABLE KEYS */;
UNLOCK TABLES;

--
-- Table structure for table `table1`
--

DROP TABLE IF EXISTS `table1`;
/*!40101 SET @saved_cs_client     = @@character_set_client */;
/*!40101 SET character_set_client = utf8 */;
CREATE TABLE `table1` (
  `glucoseM` int(11) NOT NULL,
  PRIMARY KEY (`glucoseM`)
) ENGINE=InnoDB DEFAULT CHARSET=utf8;
/*!40101 SET character_set_client = @saved_cs_client */;

--
-- Dumping data for table `table1`
--

LOCK TABLES `table1` WRITE;
/*!40000 ALTER TABLE `table1` DISABLE KEYS */;
/*!40000 ALTER TABLE `table1` ENABLE KEYS */;
UNLOCK TABLES;

--
-- Table structure for table `valuesParam`
--

DROP TABLE IF EXISTS `valuesParam`;
/*!40101 SET @saved_cs_client     = @@character_set_client */;
/*!40101 SET character_set_client = utf8 */;
CREATE TABLE `valuesParam` (
  `idvaluesParam` int(11) NOT NULL,
  `param1` double NOT NULL,
  `param2` double NOT NULL,
  `param3` double NOT NULL,
  `param4` double NOT NULL,
  `param5` double NOT NULL,
  `param6` double NOT NULL,
  `param7` double NOT NULL,
  `param8` double NOT NULL,
  `param9` double NOT NULL,
  `param10` double NOT NULL,
  `param11` double NOT NULL,
  `param12` double NOT NULL,
  `param13` double NOT NULL,
  `param14` double NOT NULL,
  `param15` double NOT NULL,
  `param16` double NOT NULL,
  PRIMARY KEY (`idvaluesParam`)
) ENGINE=InnoDB DEFAULT CHARSET=utf8;
/*!40101 SET character_set_client = @saved_cs_client */;

--
-- Dumping data for table `valuesParam`
--

LOCK TABLES `valuesParam` WRITE;
/*!40000 ALTER TABLE `valuesParam` DISABLE KEYS */;
INSERT INTO `valuesParam` VALUES (1,0.030235,0.017284,0.0088492,103.12,0.93387,0.11883,0.0000000003493,0.3169,1.0698,0.085042,1.8658,3.9683,199.9,419.15,4.4731,51.469),(2,0.019324,0.015479,0.00046563,119.97,1.0873,0.27777,0.00000000045924,0.76337,2.0399,0.00034166,0.1906,4.1681,199.56,419.21,4.6553,60.8),(3,0,0,0,0,0,0,0,0,0,0,0,0,0,0,0,0),(4,0.072207,0.063367,0.033666,34.84,1.5434,0.000035692,0.00013781,0.04431,0.0000064395,4.8984,0.056175,2.8588,2.6333,405.32,4.6625,25.031),(5,0.027989,0.34951,0.24215,102.07,1.1078,0.0086862,0.000059959,0.02931,0.08611,0.64319,0.02389,7.3461,1.644,424.9,5.0995,29.195),(6,0.017381,0.748,0.33286,60.212,1.75,0.053465,0.000000000088653,0.13418,1.1148,0.23084,0.074772,3.6665,5.3027,411.1,4.8287,69.849),(7,0.042272,0.029029,0.013993,90.029,0.047522,1.3291,0.00091111,2.6045,0.50899,4.9076,1.5515,3.2766,2.1035,424.29,5.1302,26.386),(8,0,0,0,0,0,0,0,0,0,0,0,0,0,0,0,0),(9,0.058541,0.04894,0.016143,75.636,0.07288,0.23885,0.00019966,0.2052,0.23167,2.4315,0.028966,1.685,3.9434,416.35,4.9941,88.147),(10,0.047682,0.022968,0.007819,47.756,1.2302,0.77214,0.0054171,2.6923,0.56,4.5197,0.089652,2.5573,2.7343,407.06,4.582,18.226),(11,0.15404,0.012312,0.0088072,55.712,0.74071,0.32755,0.00044896,0.72831,0.2247,0.099981,2,6.3613,80.206,424.82,4.8167,51.3),(12,0.023408,0.019408,0.0057914,89.471,0.33444,0.37914,0.0014379,1.8767,0.87394,4.9867,0.058633,2.8528,1.7563,421.6,4.7713,50.106),(13,0.028152,0.010103,0.0032608,103.57,1.6353,0.18997,0.00032899,1.1603,1.0505,0.52652,0.19045,4.5567,5.9971,419.84,4.5129,23.48),(14,0.073713,0.45518,0.2093,79.008,0.19256,0.019438,0.000000000029427,0.010558,0.00046024,1.5935,0.018435,2.507,19.999,416.12,4.633,37.017),(15,0.038188,0.045556,0.070594,73.06,0.038197,1.3727,0.00078672,2.6312,0.71842,4.9365,1.9503,1.9916,5.4329,424.57,4.8143,32.481),(16,0.048754,0.043266,0.019262,80.931,0.0449,0.000024027,0.000047597,0.020438,0.000029312,0.12768,0.028056,10,127.27,413.91,4.655,18.669),(17,0.0051058,0.1598,0.042462,112.62,0.16401,0.18307,0.000031506,0.33413,0.00126,3.1666,0.021367,3.8723,199.99,412.34,4.3228,17.313),(18,0.057953,0.04592,0.029156,110.09,0.93431,0.000019403,0.000055044,0.041351,2.1596,4.6089,0.043681,2.2994,2.0987,409.98,3.6901,84.095),(19,0.090339,0.039654,0.033198,65.217,0.40748,0.03974,0.000082259,0.048969,0.062564,4.9874,0.052535,1.5012,199.83,415.23,4.9007,27.277),(20,0,0,0,0,0,0,0,0,0,0,0,0,0,0,0,0),(21,0.049792,0.014676,0.040477,84.423,0.0071728,0.000027684,0.000077723,0.054227,0.0025257,0.27192,0.028293,9.3895,102.94,408.19,5.0353,14.001),(22,0.014906,0.56381,0.69427,42.075,0.48977,1.0701,0.004961,4.1456,0.48384,4.9337,0.052546,1.7565,6.1906,412.77,4.6004,30.018),(23,0.045024,0.020343,0.023841,91.512,0.025775,0.000018322,0.000041761,0.041957,0.52316,3.9322,0.030249,2.5721,2.8316,421.73,4.3062,40.782),(24,0.04645,0.2925,0.59324,51.984,0.13819,0.01015,0.0000081175,0.017292,0.00099691,0.11535,0.63571,6.92,1.8364,423.89,4.6933,25.255),(25,0.012955,0.041521,0.026548,83.135,0.016522,0.00000019352,0.000063967,0.045242,0.00000077049,0.67457,0.020777,4.629,199.96,415.35,5.2591,47.472),(26,0,0,0,0,0,0,0,0,0,0,0,0,0,0,0,0),(27,0.033709,0.024852,0.008122,93.038,1.299,0.046131,0.000000098581,0.099521,2.126,3.4045,0.053681,1.856,36.263,413.7,4.5103,42.05),(28,0.016655,0.45197,1.0867,52.047,0.16396,1.2648,0.000034535,1.6273,0.54742,4.9441,0.53224,1.8746,11.172,417.97,4.9539,37.25),(29,0.049414,0.05579,0.012538,89.485,0.25051,0.00018298,0.000035375,0.014275,0.0000076943,0.14506,0.02295,6.6421,1.8316,413.88,4.6482,49.047),(30,0.4676,0.11885,0.014206,85.196,0.10672,0.0000010141,0.000032328,0.013242,0.00015148,4.9991,0.016209,2.5827,3.9989,416.28,5.0926,40.598),(31,0.16113,0.10365,0.032318,75.058,0.2144,0.015508,0.00000011487,0.017963,1.0817,3.5488,0.015737,1.6372,126.72,414.32,4.5999,33.151),(32,0.009569,0.044587,0.00023813,91.154,0.44824,1.6245,0.00058961,3.8236,0.1848,4.9927,0.063521,2.6415,2.9081,411.12,5.1994,27.306),(33,0.041573,0.033147,0.0088229,83.068,0.19506,0.024218,0.00000000010474,0.036955,0.57544,4.9943,0.037689,1.8574,8.8432,412.66,4.4,20.696),(34,0.064795,1.2191,0.4535,74.888,0.41327,0.0000014383,0.000063376,0.033766,0.000081995,4.5318,0.037009,1.7775,6.848,413.72,5.4301,51.547),(35,0.010263,1.1685,1.5624,39.701,0.56874,0.95449,0.0027379,2.648,0.94619,4.7642,0.90143,1.143,85.115,410.82,4.5407,20.201),(36,0.04957,0.40648,0.20797,76.152,0.022936,0.00050773,0.00020105,0.042055,0.42936,2.4192,0.83226,3.3255,1.6087,420.05,4.6982,24.2),(37,0.017825,0.78309,0.55598,81.849,0.057348,0.076682,0.000052763,0.067522,0.07849,4.6519,0.14457,2.6889,2.2451,423.38,4.0994,37.501),(38,0.074609,0.011273,0.0018195,69.9,1.2707,1.0628,0.000035442,2.7061,2.1276,4.9962,1.8909,1.583,18.35,424.6,4.5142,39.741),(39,0.019651,0.039522,0.010711,94.344,0.63025,0.36709,0.0036146,1.7724,1.1528,4.2345,0.12838,3.6503,2.1937,416.2,4.6914,13.991),(40,0.042627,0.0040654,0.033121,119.89,0.00012722,0.029139,0.000001474,0.10229,0.051631,0.020134,0.025769,9.9925,45.758,424.08,4.4295,50.936),(41,0.017774,0.015985,0.006168,101.02,0.82111,0.83765,0.0045237,6.4277,0.72518,1.7922,1.1233,2.0704,8.5825,415,3.9048,62.738),(42,0.018672,0.021619,0.00072791,118.82,1.5656,0.37803,0.0000010323,1.0372,2.081,1.887,0.052337,2.2574,6.8211,425,4.5912,18.992),(43,0.13314,0.011362,0.010441,56.414,1.6234,0.1845,0.00060749,0.74326,0.31206,2.3291,0.040391,1.8219,141.65,424.54,4.4001,55.899),(44,0.046883,0.016744,0.030415,76.19,0.0072714,0.00000050042,0.000028148,0.048298,0.000056969,4.5531,0.021956,2.5218,8.9188,416.57,5.0753,61.181),(45,0.028346,0.019624,0.012683,44.702,0.37442,0.74384,0.00015663,1.8688,2.1282,0.83901,0.084346,3.9643,4.8614,410.3,4.6002,29.325),(46,0.046397,0.96595,0.05554,98.383,0.66469,0.00006765,0.000023093,0.0075416,0.11201,3.4898,0.0132,2.0347,5.3144,411.31,4.3943,59.992),(47,0.025306,0.04961,0.023352,93.402,1.616,0.73862,0.00035059,1.6497,1.7724,3.2476,0.044954,2.3479,6.3536,413.84,4.5039,25.094),(48,0.078859,0.11451,0.19488,41.688,0.074739,0.027178,0.00000002175,0.043845,2,4.9906,0.064422,1.3511,6.5406,420.79,4.75,54.6),(49,0.027638,0.39342,0.46685,54.166,1.7404,0.027056,0.000040238,0.087023,0.21102,4.7095,0.030246,2.4709,9.0658,413.97,5.2979,14.539),(50,0.032375,0.086351,0.023127,78.075,1.2734,0.0034138,0.0013382,0.5332,0.1666,2.2909,0.155,4.503,1.6971,411.72,4.8969,56.634),(51,0.019041,0.036762,0.030407,55.942,1.7047,0.29774,0.0013413,1.3382,0.00096487,2.1946,0.34676,1.9968,200,406.45,5.2248,76.639),(52,0.0067794,0.02392,0.010779,94.225,0.61588,0.00011921,0.000098024,0.15604,0.23154,4.9999,0.025259,5.601,1.5786,416.13,4.798,33.685),(53,0.18056,0.11864,0.07063,76.129,0.028526,0.000014453,0.000057334,0.039065,0.93823,4.9868,0.043119,2.1305,5.1569,417.49,4.9674,34.585),(54,0.039883,0.025967,0.014013,49.405,0.38604,0.52206,0.0016704,1.6714,0.992,1.5462,1.8937,2.4116,99.638,422.41,4.2988,29.181),(55,0.0248,1.0546,0.59804,93.047,1.4098,0.0011493,0.000064822,0.018097,1.2962,0.025331,0.020015,9.7185,94.806,415.61,4.465,14.084),(56,0.017051,0.31904,0.10394,106.57,1.4553,0.044344,0.00023952,0.19574,1.1883,4.9997,0.024993,1.5663,13.844,424.19,4.3717,42.8),(57,0.024103,0.019636,0.0039696,56.601,0.9398,1.0224,0.00008164,2.7863,1.9806,3.931,0.043975,3.6219,2.086,414.87,4.8637,24.999),(58,0.065807,1.1119,0.73509,80.305,1.1006,0.00024382,0.00017734,0.038671,0.024159,2.619,0.020641,2.3188,6.7742,406.82,4.7324,17.045),(59,0.033241,0.14625,0.28385,52.984,0.011022,0.054756,0.00000012145,0.047162,0.031305,4.9936,0.042181,2.5573,8.2101,423.34,5.0211,21.99),(60,0.054774,0.2419,0.096134,54.264,1.6117,0.000002054,0.000030317,0.011045,0.000037463,1.943,0.037683,2.1093,8.9521,415.85,4.6069,59.898),(61,0.057203,0.0069904,0.0022777,119.88,0.5149,0.14133,0.0003855,0.93817,0.50224,1.6858,0.034721,4.3644,10.257,424.11,4.6827,14.611),(62,0.03493,0.022861,0.0054175,67.035,0.96567,1.1774,0.0071725,6.0051,1.0927,4.5271,0.1083,1.9396,5.9372,416.92,4.9124,21.131),(63,0.016056,0.38483,0.30368,58.589,0.042578,0.11795,0.00022718,0.60955,0.96034,0.10984,1.9996,4.0767,199.84,413.08,4.3223,32.654),(64,0.0064576,0.50563,0.50915,52.403,1.7286,0.93449,0.00000048965,2.4761,0.21222,4.9871,0.0086171,4.2504,2.0625,421.51,5.2638,32.888),(65,0,0,0,0,0,0,0,0,0,0,0,0,0,0,0,0),(66,0.01775,0.022476,0.0085413,104.81,1.1851,0.26055,0.0000029565,0.61982,1.0391,0.84198,1.9878,3.394,3.6222,419.21,4.5626,60.856),(67,0.033785,0.11259,0.021825,75.932,0.0075373,0.0054958,0.000087201,0.027112,0.30125,4.9998,0.05413,8.6345,1.3025,415.09,4.8998,20.249),(68,0.020145,0.0255,0.021642,70.526,0.58797,0.19749,0.007012,5.398,0.37531,3.1764,0.10935,2.3937,21.959,416.29,4.9395,13.962),(69,0.036629,0.025391,0.024211,104.27,1.4171,0.000018459,0.000039319,0.02866,0.76914,4.9999,0.022885,2.4362,7.5835,419.99,4.8808,23.438),(70,0.010277,1.9968,1.5852,72.724,0.055784,1.377,0.0000017701,4.4015,0.75556,2.8476,0.201,2.6579,3.4864,410.41,4.9052,35.655),(71,0.025767,0.49181,0.77905,79.316,0.017387,0.00000012496,0.00008196,0.066045,0.0074542,0.93362,0.090411,6.432,1.3874,416.35,5.106,36.294),(72,0.21727,0.029967,0.032676,76.864,0.066687,0.000051434,0.00027829,0.091677,0.0013961,0.93132,0.070005,2.0338,8.3316,416.53,4.0927,32.837),(73,0.14591,0.15461,0.088525,71.913,0.082764,0.0087712,0.000094216,0.037112,1.8581,0.63829,0.04703,3.5065,2.489,417.22,4.7679,21.777),(74,0,0,0,0,0,0,0,0,0,0,0,0,0,0,0,0),(75,0,0,0,0,0,0,0,0,0,0,0,0,0,0,0,0),(76,0.020227,0.018272,0.010476,56.665,0.41451,0.37301,0.0068718,3.8725,0.26862,2.0769,0.70828,2.6138,198.22,414.62,5.1408,23.91),(77,0.021021,0.031123,0.000070738,119.98,0.37496,0.70811,0.000051682,1.468,0.56525,1.6753,0.055165,2.3056,3.9378,422.55,4.6663,25.869),(78,0.083677,0.11149,0.16666,49.858,0.17934,0.016668,0.000025529,0.043812,0.92214,4.701,0.032404,2.7435,3.9291,425,5.4048,22.092),(79,0.11726,0.15863,0.069654,58.889,1.629,0.017945,0.000052567,0.029932,0.024932,1.983,0.028845,1.9702,8.628,424.08,5.576,62.698),(80,0.02197,0.013276,0.012225,115.5,1.2862,1.0994,0.0000035379,1.4497,0.85183,0.76842,0.094486,5.5754,199.9,423.88,5.3862,54.15),(81,0.050525,0.024152,0.023804,81.967,0.040972,0.016895,0.0000015713,0.03778,1.9608,4.6196,0.03003,2.1971,7.2965,417.11,5.0554,39.408),(82,0.0086484,0.03065,0.0072307,103.18,0.60246,0.57175,0.0000022394,1.535,0.80538,1.0848,1.9696,3.8473,3.7739,422.71,5.1224,50.777),(83,0.12982,0.017023,0.005532,54.929,0.50394,1.5805,0.0018329,4.5473,1.8231,4.5679,0.085002,1.2818,37.006,417.85,5.2624,77.747),(84,0.02791,0.01531,0.015528,93.664,1.4375,0.000016537,0.000041994,0.037822,0.000025226,0.94184,0.015294,8.042,33.672,417.06,5.3353,20.1),(85,0.0097575,0.14155,0.10424,78.059,0.2629,0.60866,0.0018367,0.62343,0.28636,4.7307,0.01358,3.0695,6.6964,414.46,4.3266,14.074),(86,0.021508,0.027194,0.005223,88.784,1.7447,0.68862,0.00000060695,1.711,1.8843,4.9787,0.19488,2.143,4.7794,420.67,5.1335,14.417),(87,0.024096,0.049056,0.042196,81.969,0.045783,0.15428,0.00024716,0.28226,0.56288,2.5544,0.0052698,3.2063,184.27,417.12,3.7337,14.108),(88,0.027863,0.026627,0.01214,103.88,0.2723,0.24625,0.00014182,0.73241,0.62774,0.75505,1.9872,2.9261,7.9747,419.12,4.7913,49.048),(89,0.025672,0.13204,0.096092,57.674,1.7485,0.26982,0.0022994,1.101,1.1504,2.0514,0.55666,3.4124,1.4706,408.12,5.037,20.847),(90,0.033523,0.012962,0.0065006,105.8,0.86946,0.77437,0.0034236,6.3443,0.18222,4.731,0.2298,3.7858,1.9048,418.64,5.2002,42.71),(91,0.032661,0.033131,0.0028556,78.869,0.000046131,0.0000067311,0.00018586,0.050389,0.0000067458,0.45406,0.016776,7.2724,1.8449,414.65,4.6084,33.25),(92,0.018174,0.012925,0.0080984,96.936,0.14279,0.38405,0.000075755,1.4085,1.9145,0.27755,0.032253,7.0013,172.42,424.8,4.9414,29.452),(93,1.1742,0.18372,0.11248,47.166,0.16133,0.0015772,0.0000091851,0.010517,0.19335,4.875,0.039102,5.0543,1.9085,424.06,4.8241,35.246),(94,0.19797,0.01353,0.0054934,59.218,0.11881,0.25031,0.00000016129,0.46863,0.99437,0.33232,0.051257,3.8785,9.322,417.7,4.2633,47.629),(95,0.035843,0.040399,0.0035241,72.795,1.5485,0.32089,0.00028091,0.33117,0.23496,0.67625,0.024929,3.8584,3.0747,412.21,4.5327,64.753),(96,0.048214,0.034499,0.034052,76.267,0.022237,0.00045856,0.000095915,0.032995,0.0086196,2.2297,0.035685,4.6717,1.7532,413.51,5.0817,22.04),(97,0.020848,0.023131,0.000020983,86.847,1.0273,0.064446,0.000000028138,0.15292,1.6261,2.7922,0.028322,1.552,17.45,422.09,4.8722,66.397),(98,0.013859,0.087043,0.015322,96.875,0.53839,0.9275,0.00071512,1.1264,0.029705,0.83343,0.075709,3.9728,5.0027,416.16,4.6791,36.711),(99,0.020721,0.017625,0.0088981,101.76,1.0036,0.44007,0.000000013272,0.76273,0.87903,0.91666,0.10802,4.7569,199.72,420.9,4.5536,32.274),(100,0.093598,0.37722,0.28331,82.153,0.092026,0.03327,0.000004813,0.020466,0.066963,0.026267,0.032508,7.0086,159.13,421.34,4.9289,73.01),(101,0.04159,0.023757,0.015093,95.684,1.4166,0.032575,0.000000014539,0.091489,1.3956,2.9539,0.050873,4.0294,1.6959,405.29,4.6553,22.011),(102,0.17224,0.42764,0.094299,64.621,1.7013,0.00000041454,0.000018792,0.01052,0.000093082,3.3215,0.0048873,2.1788,9.6997,410.79,5.2129,44.037),(103,0.01916,0.013065,0.0051821,103.02,1.4498,1.4567,0.0010654,3.9417,0.96422,2.2248,0.20395,4.1141,199.94,417.67,4.6346,13.958),(104,0.021832,0.025836,0.020212,101.14,0.18081,0.077959,0.000000000020814,0.27116,1.4507,4.991,1.2446,1.999,7.7546,421.29,4.7374,28.121),(105,0.032883,0.052638,0.038179,48.068,0.33336,0.027065,0.00001746,0.076407,2.381,0.18636,0.064145,6.1458,1.7927,405.35,4.19,14.649),(106,0.037545,0.08793,0.081442,72.208,0.097049,0.078824,0.00008089,0.20169,1.0284,4.9499,0.34273,1.6109,8.9693,411.31,4.8687,33.497),(107,0,0,0,0,0,0,0,0,0,0,0,0,0,0,0,0),(108,0,0,0,0,0,0,0,0,0,0,0,0,0,0,0,0),(109,0.040582,0.027198,0.0091019,69.149,0.11068,0.51549,0.000031653,0.97283,1.1405,1.5062,0.80427,3.0251,2.8201,422.88,4.348,15.609),(110,0.04433,0.033545,0.078388,88.765,0.01678,0.001491,0.000088255,0.064849,0.18999,0.87558,0.03823,6.2862,5.859,419.46,4.4766,14.299),(111,0.048635,0.016401,0.033466,86.898,0.0088014,0.00002773,0.000087293,0.070859,0.0046373,3.075,0.0066399,4.0479,63.12,417.33,4.5188,13.336),(112,0.02109,0.032964,0.004233,90.023,1.0889,0.46609,0.000023634,1.0784,1.7984,4.5068,0.074003,2.8092,3.3974,421.7,4.8968,20.359),(113,1.4784,0.021552,0.004399,79.629,1.013,0.000010294,0.00012826,0.079948,0.016409,4.9953,0.11445,2.0574,4.2751,420.27,4.6317,30.837),(114,0,0,0,0,0,0,0,0,0,0,0,0,0,0,0,0),(115,0.13066,0.098901,0.039548,69.049,0.051468,0.012968,0.000044971,0.03455,0.19583,4.947,0.056714,1.9705,4.7448,424.73,4.9993,46.259),(116,0.028139,0.20428,0.060239,43.552,0.11872,0.019825,0.000000024716,0.03477,1.2899,0.00000085329,0.079837,6.8612,1.8361,415.82,4.8681,51.932),(117,0.016545,0.03887,0.000013094,119.99,0.027346,1.441,0.000037093,2.6219,1.0461,3.4017,0.072309,3.788,2.5596,424.23,4.2752,14.7),(118,0.018766,0.10972,0.10338,78.288,0.033887,0.096617,0.001154,0.34922,0.44292,3.1506,0.076462,4.1432,1.615,410.92,4.6991,13.997),(119,0.18024,0.18414,0.1953,44.077,0.064687,0.029685,0.00000011997,0.053781,2.1142,4.96,0.033264,1.3986,6.4777,419.75,4.4689,35.456),(120,0.0391,0.0169,0.029757,48.47,0.56259,0.030721,0.00022253,0.11346,0.012233,4.5687,0.045125,2.1481,8.2078,420.94,4.4006,13.926),(121,0.024113,1.9919,0.78998,86.515,0.025251,0.0002313,0.00012667,0.021136,0.0083452,1.5187,0.021638,3.1192,1.7892,405.8,4.6971,56.1),(122,0.027408,0.02872,0.017991,99.56,0.65706,0.03212,0.00000000040944,0.081483,0.46704,1.6048,0.050582,3.8629,1.8846,405.01,4.7001,39.007),(123,0.027252,0.016235,0.00044269,108.52,1.2165,0.56386,0.0002015,1.1843,1.2652,1.7054,0.17862,2.5837,12.828,412.6,4.2271,23.793),(124,0.056722,0.22739,0.12394,72.26,1.1731,0.0054584,0.00012917,0.03238,0.0015659,1.6392,0.039488,2.0687,198.83,419.71,4.6301,23.259),(125,0,0,0,0,0,0,0,0,0,0,0,0,0,0,0,0),(126,0.026378,0.027131,0.000010859,119.97,0.015641,0.44491,0.000002269,0.98055,1.1567,2.7769,0.17442,3.3472,2.891,425,4.5939,14.574),(127,0.043596,0.018294,0.021545,119.97,0.010511,0.0050626,0.000032752,0.057142,1.9608,2.7567,0.013132,3.6774,14.994,424.8,5.0301,19.017),(128,0.040522,0.20084,0.046717,43.552,0.52433,0.021143,0.000000027424,0.034652,1.3038,0.0000098947,0.062424,7.099,1.4967,415.82,4.085,25.652),(129,0,0,0,0,0,0,0,0,0,0,0,0,0,0,0,0),(130,0.065529,0.1435,0.15513,48.023,0.20609,0.006479,0.000025523,0.029131,0.90372,0.26344,0.019092,5.2837,2.0051,405.05,5.0006,34.597),(131,0.013531,0.7061,0.59366,51.642,1.1732,0.019593,0.000036636,0.067025,0.46433,0.88945,0.018102,4.7812,194.17,411.61,4.9389,23.819),(132,0.0045377,1.3218,0.23446,101.89,1.5106,0.1354,0.0000026157,0.22822,0.63336,1.7001,0.0041495,8.8417,2.2002,422.26,5.2176,21.809),(133,0.021868,0.44956,0.33948,57.292,0.21697,0.58619,0.000021367,1.2841,0.84013,4.9498,0.34334,1.5738,13.926,418.32,5.0412,62.115),(134,0.041328,0.76065,0.32807,86.16,1.6926,1.0031,0.000000047658,0.68169,0.98888,4.045,0.11711,2.8792,2.3276,405.14,4.7221,27.055),(135,0.21294,0.0093682,0.017811,41.89,0.023025,1.5994,0.0035414,6.426,1.2424,4.7818,0.77989,1.7383,73.201,415.14,4.3742,33.471),(136,0,0,0,0,0,0,0,0,0,0,0,0,0,0,0,0),(137,0,0,0,0,0,0,0,0,0,0,0,0,0,0,0,0),(138,0.023944,0.10974,0.069073,98.653,0.13722,0.53575,0.00023591,1.2356,1.0007,4.9986,0.11288,2.0696,7.083,425,4.275,26.25),(139,0.02295,0.019702,0.0021472,87.828,1.5546,0.37331,0.00000010149,1.0117,2.0833,1.9385,0.04512,2.2794,6.8195,425,4.7449,53.55),(140,0.066199,0.042978,0.015135,84.846,1.6705,0.00030689,0.000049485,0.021787,0.049971,3.3923,0.03908,1.979,6.3871,423.83,5.1019,42.564),(141,0.023551,0.027706,0.011956,103.31,0.026226,0.089767,0.0000012773,0.21589,0.92175,2.8873,0.070752,3.3527,2.6768,419.28,4.1,22.001),(142,0.078803,1.3015,1.0446,91.207,0.13359,0.000017567,0.000061335,0.026328,0.0015661,2.7628,0.031152,4.2435,1.9213,423.77,4.7712,33.258),(143,0.0253,0.053411,0.079091,119.89,0.00075302,0.000028824,0.000061063,0.027792,0.0059418,4.7814,0.00096197,5.394,2.8839,414.96,4.9874,14.678),(144,0.081557,0.058366,0.11365,88.751,0.015542,0.004507,0.000052641,0.030262,0.003846,1.9308,0.010438,3.7609,4.8944,419.32,4.5985,13.324),(145,0.038967,0.038281,0.00022061,119.9,0.95082,1.2628,0.0018162,2.041,0.15403,0.8345,0.031197,2.7341,6.1159,421.92,4.715,43.772),(146,0.014851,0.25777,0.080695,70.353,0.51747,1.1064,0.00031861,1.5142,0.072867,1.0474,1.8991,3.065,2.1519,411.13,5.2799,45.647),(147,0.032828,0.032535,0.019153,31.895,0.16653,0.012152,0.00011254,0.046444,2.0289,1.0878,0.020784,3.9489,2.1741,424.74,4.1,13.3),(148,0.069037,0.054559,0.018663,119.97,1.283,0.0000056896,0.000028532,0.015394,0.000014311,2.5748,0.023472,5.663,1.5451,415.34,4.9909,50.533),(149,0.021635,0.14456,0.06489,101.12,0.13258,0.51583,0.00035093,1.2048,0.58662,1.7006,0.018893,1.9126,48.479,421.44,4.8002,76.331),(150,0.31692,0.012026,0.0060917,87.496,1.1531,1.1593,0.000086474,2.5132,0.62189,2.0926,1.9875,3.0024,2.1545,418.43,4.7128,67.154),(151,0.025989,0.023422,0.0025719,79.934,0.0082186,0.11525,0.00000012577,0.28588,1.9999,2.3838,0.082438,2.6113,3.4027,420.92,4.8109,38.652),(152,0.016927,0.015165,0.010127,103.25,0.96581,0.062914,0.000000000023906,0.29491,2.3255,0.92337,1.9995,3.3659,6.8463,423.22,4.0855,21.866),(153,0.055796,0.74008,0.25783,68.367,0.014382,0.023836,0.000019822,0.025348,1.0131,4.96,0.12337,3.8973,2.0091,414.93,4.9954,40.025),(154,0.021357,0.27866,0.10358,76.674,0.89387,0.31121,0.00000010534,0.2315,0.0853,0.59841,0.020236,4.5881,6.4165,415.25,4.7939,44.037),(155,0.025921,0.018457,0.0075447,93.783,1.4102,1.3857,0.0000052269,1.8582,1.1543,0.00049856,0.13295,9.0412,191.39,418.7,4.4807,22.112),(156,0,0,0,0,0,0,0,0,0,0,0,0,0,0,0,0),(157,0.028899,0.040928,0.011392,83.235,1.192,0.000083796,0.000080914,0.061397,0.0058253,4.6506,1.8084,3.4008,2.0418,424.78,4.1579,39.872),(158,0.14773,0.27492,0.19358,56.623,1.7497,0.023969,0.000028681,0.035525,0.062812,1.3997,0.099209,6.488,1.3466,423.61,4.7216,77.049),(159,0.016826,0.1601,0.067881,84.353,1.2147,0.58226,0.00011509,1.3662,0.65975,3.0419,0.08337,3.8194,2.2239,416.11,4.9169,21.09),(160,0.036338,0.023958,0.016185,97.891,1.2774,0.55703,0.0012398,1.3883,0.76677,1.2762,0.04084,2.8752,200,411.28,4.5514,87.577),(161,0.084486,0.88338,1.3158,86.73,0.029531,0.015657,0.000025252,0.014776,0.00021223,3.1945,0.006327,2.4156,10.388,418.02,4.3931,35.292),(162,0.019077,0.025419,0.000036523,120,1.3808,0.34601,0.0000000000029588,0.84463,1.9231,0.0000035025,0.12748,7.4779,69.795,424.82,4.9405,14.251),(163,0.16926,0.0097546,0.0062493,84.351,0.23559,0.94876,0.00051829,2.4354,1.1712,1.7595,2,3.3494,199.9,425,4.71,14.291),(164,0.0081975,0.034403,0.0060904,78.46,0.065679,0.30418,0.0000030258,1.4086,1.4939,4.8101,0.76909,1.9102,5.2688,413.95,4.5999,34.684),(165,0.61358,0.12752,0.052096,72.191,0.83523,0.013141,0.000024133,0.0226,1.1128,4.9984,0.015242,1.9164,6.8834,415.68,4.6898,44.735),(166,0.13717,1.0306,0.22489,68.952,0.96628,0.000025821,0.0001154,0.01466,0.0010042,2.4463,0.04198,2.1958,6.6523,406.03,4.9738,14.041),(167,0,0,0,0,0,0,0,0,0,0,0,0,0,0,0,0),(168,0.022821,0.012421,0.0045673,104.06,0.65645,0.14742,0.000000042943,0.54327,1.1105,0.072107,1.92,3.5754,10.057,419.11,4.3177,33.562),(169,0.11178,0.34106,0.14017,64.844,1.5539,0.073401,0.0000000064417,0.034204,0.00044877,3.7283,0.027826,1.4711,89.905,419.54,4.6578,34.699),(170,0.024219,0.021262,0.0082801,102.75,0.29237,0.15187,0.00000061092,0.48988,1.9608,2.8031,0.1629,2.1614,9.3917,419.56,5.0791,53.856),(171,0.0025079,1.0378,0.98257,68.512,0.62292,0.071176,0.00085611,1.7148,1.1468,3.6908,0.032025,4.8247,1.8185,416.41,4.5882,16.452),(172,0.023375,0.023764,0.0089024,100.75,1.5631,0.089651,0.00000016391,0.25793,1.7165,1.2611,0.059267,2.1879,8.9193,418.04,3.7715,22.048),(173,0.010309,0.02002,0.012293,102.94,0.61468,0.1725,0.00076467,0.99518,0.70102,0.53769,0.025338,6.4538,153.66,418.86,4.306,16.845),(174,0.1344,0.078801,0.080321,78.84,0.16635,0.043746,0.0000023247,0.061943,1.9973,4.9847,0.066763,2.0073,7.1733,413.15,4.5817,20.991),(175,0.094841,1.1901,0.34005,89.21,1.6768,0.0000017004,0.000042794,0.01962,0.00015898,0.8097,0.026886,4.5753,2.0602,421.78,5.0797,47.258),(176,0.09311,0.98054,0.62957,79.077,0.064732,0.010581,0.0000000086192,0.017846,0.033918,4.3692,0.0058297,2.6046,7.1984,414.91,4.0999,14.251),(177,0.20344,0.14924,0.040047,80.902,1.0188,0.009337,0.00001061,0.015245,1.0024,4.9994,0.017224,1.644,7.4946,423.48,5.053,53.363),(178,0.038583,1.1432,0.10381,61.293,0.27178,0.0084292,0.000060629,0.028767,0.038707,4.4119,0.03154,1.6337,7.358,414.69,4.298,51.244),(179,0.0092851,0.020397,0.0079453,102.49,1.0408,1.6542,0.00042257,3.539,1.2155,1.0697,0.85917,7.0487,4.2435,422.05,4.4434,16.266),(180,0.052564,0.062391,0.1455,85.069,0.021572,0.0035471,0.000044629,0.044478,0.023611,3.8049,0.04143,5.8429,1.7493,422.65,4.4145,13.591),(181,0.067584,0.43329,0.23722,88.117,1.0647,0.010685,0.000000009338,0.022805,0.87096,0.32925,0.03152,4.5231,6.075,418.04,4.9078,47.91),(182,0.0041236,0.10765,0.040391,106.77,0.6907,0.37796,0.000013133,2.2452,0.83206,1.7276,1.3605,2.6474,6.4075,419.74,4.6004,48.086),(183,0.056963,0.52611,0.73937,81.477,0.022677,0.047644,0.00016216,0.063598,0.55343,4.265,0.0032848,2.5851,8.2777,422.04,4.1815,14.209),(184,1.858,0.10406,0.85842,50.526,0.079893,0.0059922,0.000037113,0.020256,0.00048965,4.6096,0.064051,4.1062,1.7975,412.49,5.3138,35.906),(185,0,0,0,0,0,0,0,0,0,0,0,0,0,0,0,0),(186,0.056456,0.045901,0.010707,114.26,1.1519,0.0000089893,0.000058668,0.022479,0.000015258,0.31814,0.023667,4.9795,8.5543,419.62,4.1753,14.129),(187,0.20167,0.10609,0.16452,46.542,0.046389,0.019427,0.000049262,0.057082,1.3451,1.9788,0.051179,2.3452,11.259,407.51,5.2178,13.317),(188,0,0,0,0,0,0,0,0,0,0,0,0,0,0,0,0),(189,0.044681,0.029349,0.018793,90.133,1.2851,0.68836,0.00072101,1.3226,2.2524,1.4673,0.039272,2.3934,8.8603,423.66,4.0857,58.519),(190,0.057565,0.93102,0.44583,68.367,0.017747,0.014912,0.000057576,0.048429,0.60191,4.5177,0.10207,3.901,2.0456,414.92,5.0684,36.888),(191,0.0083922,1.3466,1.7597,39.374,0.51327,1.0569,0.00452,4.5052,0.9884,3.9676,0.76405,5.2471,1.4633,419.99,4.3262,43.951),(192,0.048195,0.09183,0.072275,74.805,0.28122,0.015242,0.0000044002,0.026244,2.1711,0.12412,0.029687,8.0715,4.6489,415.44,4.4633,14.616),(193,1.8588,0.0084513,0.010521,41.359,0.28404,0.024762,0.0000000024647,0.060393,2.0203,3.2133,0.061048,2.8967,3.7381,419.3,4.8,14.678),(194,0.012994,0.074035,0.020871,74.604,0.79633,0.27712,0.000000033245,0.51011,0.88842,1.7132,1.7848,3.5665,3.9996,425,4.4746,14.7),(195,0.032654,0.020934,0.012368,91.188,0.013282,0.048594,0.000000046667,0.14076,2.0403,0.45746,0.031898,5.9329,1.7848,424.08,4.8416,14.563),(196,0.029203,0.019153,0.0087687,78.899,0.076834,0.030849,0.000021241,0.11329,2.2222,4.9998,0.028343,2.2252,2.6008,418.9,4.4821,51.45),(197,0.086981,0.040361,0.033261,50.033,0.23658,0.9474,0.0045905,2.2976,0.7711,3.4725,0.082346,2.1133,4.2913,407.8,5.1598,21.771),(198,0,0,0,0,0,0,0,0,0,0,0,0,0,0,0,0),(199,0.025686,0.030986,0.011189,104.37,0.82893,0.1003,0.00000000031464,0.26409,1.9607,1.3031,1.1803,2.7345,5.5472,418.16,5.0653,49.674),(200,0.081469,1.0941,0.78472,83.952,0.10119,0.0000063295,0.00009283,0.016734,0.00075515,3.8828,0.020513,2.2686,5.9078,422.84,5.2002,17.264),(201,0,0,0,0,0,0,0,0,0,0,0,0,0,0,0,0),(202,0.042751,0.094859,0.27563,73.957,0.0052423,0.075692,0.000076781,0.1252,0.002526,3.7818,0.046115,4.745,1.9703,422.01,5.2937,38.047),(203,0.02939,0.021311,0.012229,101.61,0.7941,0.13194,0.00000025058,0.30065,2.0833,2.1395,0.19299,2.7903,6.7832,420.63,4.6702,24.412),(204,0,0,0,0,0,0,0,0,0,0,0,0,0,0,0,0),(205,0,0,0,0,0,0,0,0,0,0,0,0,0,0,0,0),(206,0.034895,0.022437,0.012246,95.08,0.8095,0.000071448,0.000059603,0.037819,0.0029668,1.8883,0.034853,3.0743,6.9876,417.94,4.1922,30.796),(207,0.018612,0.0084395,0.0092564,119.98,0.000015643,0.042379,0.000000050427,0.2343,2.3809,2.3001,0.065203,3.2903,9.5982,418.83,4.2049,27.3),(208,0.048935,0.035483,0.013276,93.847,1.4211,0.000078368,0.000054568,0.023084,0.0025482,3.0606,0.04031,2.1454,7.0054,416.94,4.8977,31.464),(209,0,0,0,0,0,0,0,0,0,0,0,0,0,0,0,0),(210,0.044679,0.67728,0.17487,101.58,0.11389,0.0069122,0.0000071176,0.016393,2.1739,4.7986,0.029816,4.112,1.8745,406.18,4.5951,36.333),(211,0,0,0,0,0,0,0,0,0,0,0,0,0,0,0,0),(212,0.064156,0.035215,0.047375,80.504,0.014244,0.0032275,0.00005893,0.041717,0.014414,2.4782,0.031276,2.3516,4.1438,416.42,5.4982,88.423),(213,0.020429,0.023478,0.012345,74.784,0.029138,0.06948,0.000000013316,0.069451,0.010079,1.4369,0.86632,2.1467,8.5655,414.78,5.3514,62.993),(214,0.02105,0.01494,0.0078946,103.88,0.40071,0.27374,0.0000096713,0.91956,0.76594,1.3955,1.9027,3.7443,3.3193,419.16,4.9197,34.627),(215,0,0,0,0,0,0,0,0,0,0,0,0,0,0,0,0),(216,0.30374,0.036206,0.018773,72.029,0.053979,0.023584,0.000000058356,0.021787,0.13242,4.5963,0.033639,9.2917,1.3059,409.77,4.3006,14.226),(217,0.090775,1.1009,0.74541,73.837,0.40739,0.014072,0.000096559,0.030353,0.023832,4.9163,0.036332,1.6832,8.16,410.12,4.1814,25.195),(218,0.13645,0.31021,0.11984,68.367,0.069085,0.00016373,0.000037218,0.017618,0.020062,3.3352,0.035917,1.2347,45.674,414.96,4.9027,83.439),(219,0.035271,0.046979,0.000016494,53.815,1.1244,0.020848,0.000000058718,0.046479,2.2017,2.9182,1.7379,6.9613,1.4056,415.67,4.467,41.643),(220,0.0719,0.037198,0.034519,37.074,0.15795,0.0000073579,0.000083888,0.046012,0.00046292,4.8709,0.055979,1.5405,73.676,413.17,4.7544,39.917),(221,0.17212,0.25126,0.31309,49.292,0.064927,0.13861,0.000000001124,0.056102,0.079942,4.9723,1.2374,6.1202,1.3005,417.19,4.5453,34.622),(222,0,0,0,0,0,0,0,0,0,0,0,0,0,0,0,0),(223,0.0086738,0.54165,0.32455,50.353,0.31741,0.14768,0.00000021789,0.59015,1.9038,3.915,0.18286,2.4699,8.8508,419.78,4.8,14.186),(224,0,0,0,0,0,0,0,0,0,0,0,0,0,0,0,0),(225,0.030166,0.019194,0.011211,107.43,1.3648,0.12923,0.00022716,0.39746,0.96956,1.2367,0.052478,4.0947,4.7391,418.4,4.512,25.65),(226,0.023714,1.002,0.28763,103.37,1.743,0.011634,0.00015436,0.083654,1.1136,4.8296,0.080073,1.959,3.9141,419.73,4.3998,33.962),(227,0.042403,0.012083,0.029954,30.036,1.7034,0.000012126,0.00054733,0.16632,0.0001277,0.013859,0.017636,5.6197,199.7,416.14,4.4026,35.258),(228,0.01388,0.44672,0.058991,33.213,1.7306,0.013438,0.0000000042182,0.036045,1.5623,4.9775,0.67713,2.9398,1.9317,413.51,5.3053,61.421),(229,0.46516,0.060008,0.024031,63.101,0.060425,0.0082235,0.000000040548,0.019587,0.88077,4.9963,0.013607,2.1448,6.5481,413.29,4.7046,29.311),(230,0.053968,0.0095393,0.045581,84.832,0.0049222,0.0000053017,0.000063017,0.15727,0.00027569,2.3275,0.036384,9.9981,1.2775,417.25,4.7696,64.132),(231,0.022768,0.019634,0.0054661,83.094,0.35058,0.091018,0.00000035349,0.29518,2.0363,4.8069,0.039305,2.1057,5.6707,417.02,4.8,24.541),(232,0.02811,0.58367,0.64719,87.749,0.025553,0.08915,0.00005514,0.06957,0.023345,4.5385,0.027173,2.0787,7.7533,421.11,4.5711,41.088),(233,0.052821,0.03556,0.019834,80.066,0.14587,0.000040688,0.000091049,0.039263,0.0038644,4.9919,0.032567,1.7675,55.495,414.73,4.8368,24.085),(234,0,0,0,0,0,0,0,0,0,0,0,0,0,0,0,0),(235,0.017375,0.063817,0.072692,51.602,0.57726,0.36341,0.00030774,1.3811,0.52778,4.8896,0.35847,2.2568,6.3793,413.99,4.6005,25.756),(236,0.084114,0.037857,0.069932,41.009,0.044324,0.38719,0.0000015889,0.46798,0.065371,4.9538,0.41098,2.549,4.1831,418.75,4.1473,16.747),(237,0.022292,0.030808,0.010544,73.61,1.7167,0.087614,0.0012726,1.0013,0.011723,4.9199,0.081429,4.1713,1.4506,414.01,5.3001,75.745),(238,0.026876,0.038214,0.063954,41.867,0.41591,0.00084772,0.00010805,0.071833,0.088408,4.9933,0.083431,1.3653,8.7771,419.65,4.899,69.359),(239,0,0,0,0,0,0,0,0,0,0,0,0,0,0,0,0),(240,0.027428,0.016408,0.011975,79.942,0.33225,0.38966,0.001551,1.7994,0.70171,0.48537,0.059161,3.4313,4.0902,421.25,5.1175,30.79),(241,0.020913,0.099701,0.082069,51.487,1.74,0.019559,0.00014139,0.17682,0.0011417,2.41,0.054688,2.126,10.88,412.1,4.6999,47.102),(242,0.051638,0.030838,0.016938,74.966,0.079203,0.027558,0.0000000054689,0.044012,0.6446,3.9305,0.78021,2.4583,3.6237,413.62,5.3166,35.205),(243,0.024482,0.013113,0.010684,103.88,0.15334,0.088075,0.00000000044258,0.39002,1.1128,1.2796,0.95945,3.8013,7.9004,419.05,5.0352,28.254),(244,0,0,0,0,0,0,0,0,0,0,0,0,0,0,0,0),(245,0.078268,0.028046,0.045839,72.304,0.0052991,0.000022598,0.00011781,0.049705,0.00012291,4.0778,0.055997,4.2403,1.6762,415.8,5.3687,24.016),(246,0.10945,0.34877,0.16477,74.453,0.40671,0.0012483,0.000051346,0.032588,0.059691,0.96984,0.053058,2.0991,9.3179,415.93,5.1097,54.319),(247,0.042441,0.045837,0.000024498,119.15,1.3701,0.011462,0.0000001934,0.0051463,1.2095,1.5113,0.070403,2.2613,20.71,416.07,4.1826,13.353),(248,0.053994,0.015736,0.03687,74.92,0.000041963,0.000022885,0.000053678,0.030834,0.0021069,0.45571,0.026277,9.8983,198.94,422.18,5.0674,28.064),(249,0.018212,0.01898,0.0075716,104.59,0.82458,0.099566,0.00000000020395,0.24297,1.1056,0.20105,0.4283,7.3127,118.18,423.96,4.5843,31.006),(250,0.057429,0.15614,0.24504,91.202,0.034933,0.000012935,0.000088851,0.032912,0.00001014,0.29894,0.021245,9.9958,1.3329,423.3,4.5707,25.693),(251,0.022529,0.066625,0.0684,73.501,0.034566,0.54092,0.0093076,6.5321,0.73689,3.8282,0.19729,4.0337,2.0678,412.82,4.7728,15.311),(252,0,0,0,0,0,0,0,0,0,0,0,0,0,0,0,0),(253,0.098772,0.89737,0.36781,91.21,0.24189,0.0000085062,0.000055433,0.022475,0.0011017,0.65438,0.018307,5.0182,1.9971,422.78,4.4123,28.946),(254,0.051027,0.034684,0.01932,62.353,1.7079,0.19283,0.0000079574,0.28367,0.41136,4.7385,0.066352,1.5613,9.0214,408.75,4.1758,25.61),(255,0,0,0,0,0,0,0,0,0,0,0,0,0,0,0,0),(256,0.022268,0.022634,0.000087432,119.01,0.25002,1.603,0.00000061959,3.2069,1.8697,1.6737,0.053258,3.6072,111.54,417.6,5.0355,14.236),(257,0.018611,0.87711,1.6683,41.973,0.068405,0.91512,0.00071213,2.0436,1.0711,2.4523,0.34829,2.7079,9.4997,413.03,4.3489,13.806),(258,0.029914,0.030044,0.0021654,90.726,0.41279,0.70583,0.0076223,2.3217,0.12178,4.9999,0.054886,2.1271,3.1117,411.78,3.4816,23.048),(259,0.017601,0.019337,0.010688,68.86,1.1829,0.28689,0.0047653,5.2982,0.45238,3.1799,0.064597,2.5728,15.918,416.29,4.2097,19.956),(260,0.44511,0.036958,0.0096362,61.45,0.31779,0.0037358,0.000084686,0.015788,0.11777,0.68854,0.0082665,5.2279,2.4754,417.25,4.6995,16.509),(261,0.010768,0.091536,0.034318,53.96,1.1873,0.62917,0.00012614,2.4132,2.2393,4.5047,1.9887,2.6972,9.6123,408.02,4.3877,13.664),(262,0.030244,0.03139,0.005507,76.268,0.046042,0.00031214,0.00048092,0.14524,0.1688,4.0352,0.030018,1.6992,136.73,414.93,5.1995,31.741),(263,0.024352,0.011425,0.0076653,103.88,0.6515,0.29928,0.0000000038826,0.92231,1.5798,0.97819,1.9779,3.8532,7.553,419.25,4.6908,44.545),(264,0.011249,0.067848,0.027285,74.63,0.012151,0.047795,0.000000061469,0.15058,1.2011,4.9997,1.9352,1.9865,6.576,415.97,4.2,48.745),(265,0.059498,0.021942,0.039005,80.121,0.0054287,0.00005857,0.000056124,0.070841,0.0041075,4.3821,0.13081,6.7833,1.4749,425,4.4043,28.503),(266,0.098473,1.0052,0.26487,81.86,0.17519,0.0000092587,0.000062043,0.022848,0.0011072,0.71733,0.030539,4.8984,1.8793,405.78,4.8847,51.979),(267,0.0075519,1.2368,0.64251,114.41,0.62014,0.0039073,0.000062314,0.062284,1.8867,4.169,0.0037599,4.3575,2.8494,410.49,5.2624,22.599),(268,0.045992,0.011646,0.0090536,103.75,1.116,0.26353,0.0000029244,0.75536,0.93038,0.95783,1.1285,3.4875,7.1176,419.48,5.0484,22.049),(269,0.058772,0.88431,0.24104,63.294,1.3984,0.041223,0.000078129,0.056727,0.00025415,4.441,0.028462,1.6545,7.5871,407.74,5.1107,40.036),(270,0.0072821,0.093973,0.025283,72.95,0.20544,0.48433,0.0000066782,1.823,1.0526,4.9908,0.30743,2.8092,8.5627,415.92,4.5732,14.092),(271,0.017475,0.019154,0.0005419,59.601,0.99345,0.96233,0.000075821,2.8825,1.9632,3.8605,0.059425,3.5907,2.1097,415.87,4.2993,14.098),(272,0.028048,0.01691,0.0059944,102.98,0.85548,1.4175,0.0035299,4.5388,1.0785,2.2123,0.048688,3.8521,199.48,417.62,5.0101,13.896),(273,0.17435,0.068858,0.052287,65.219,0.91996,0.029338,0.00010004,0.04043,0.61287,4.5954,0.018754,1.5178,199.97,415.18,4.4753,14.594),(274,0.058848,0.021157,0.040074,49.47,0.21175,0.020542,0.00025098,0.10677,0.00083453,4.6158,0.038912,2.0229,11.164,405.94,5.3986,15.009),(275,0.057539,0.0217,0.041169,48.47,0.034777,0.000068871,0.00028568,0.17927,0.015286,3.71,0.068722,2.4411,9.5485,419.9,4.8195,13.32),(276,0.12387,0.03533,0.095376,41.301,0.12021,0.00000009177,0.00013396,0.047596,0.0000018915,4.9895,0.052854,1.5845,8.7422,420.23,4.6705,29.496),(277,0,0,0,0,0,0,0,0,0,0,0,0,0,0,0,0),(278,0.066597,0.58393,0.17915,85.73,0.16107,0.02551,0.0000036725,0.011254,0.24354,4.7306,0.010061,1.9104,8.2345,417.13,5.185,62.09),(279,0.18804,0.0096843,0.0079438,55.421,1.5892,0.54057,0.0000031657,1.2209,1.5462,4.7256,0.25709,1.4995,30.848,424.39,4.0864,41.84),(280,0.081157,0.76284,0.24112,68.367,0.034748,0.011201,0.000072242,0.026534,1.007,3.8291,0.062149,2.9746,2.117,414.99,4.6474,43.998),(281,0.025929,0.073054,0.052306,83.872,0.21906,0.21406,0.0010135,0.70545,0.00076813,0.34401,1.9875,4.5801,132.38,405.44,4.8347,39.456),(282,0.0061987,0.076752,0.013376,103.82,0.66371,0.25204,0.00000021513,1.0699,2.0829,5,1.9682,1.8183,17.538,425,4.6893,29.4),(283,0.48502,0.052234,0.0050643,119.98,0.57685,0.00010982,0.000030118,0.017625,0.00033084,0.18411,0.034291,4.3834,200,412.08,4.7762,55.209),(284,0.027005,0.10948,0.044829,64.119,0.94723,0.15963,0.00025922,0.22508,0.27249,2.7483,0.034605,2.4084,200,422.89,4.9942,24.995),(285,0.030798,0.059984,0.000029466,37.012,0.78075,0.021217,0.000044534,0.019559,0.02361,3.9255,0.017468,1.7545,75.731,413.11,4.903,43.77),(286,0,0,0,0,0,0,0,0,0,0,0,0,0,0,0,0),(287,0.096339,1.2219,0.53337,87.21,0.96929,0.0000011094,0.000050734,0.025104,1.1122,1.2289,0.023611,3.8115,2.3088,424.86,4.6985,52.085),(288,0.048272,0.071484,0.053168,56.278,0.058965,0.091571,0.000043511,0.041687,0.0020387,0.15157,0.04143,6.6203,189.41,409.29,5.1752,48.097),(289,0.058114,0.46792,0.20747,82.009,0.23465,0.034348,0.00000022785,0.016863,0.00068497,1.6995,0.018031,2.4784,10.435,419.64,4.595,14.044),(290,0,0,0,0,0,0,0,0,0,0,0,0,0,0,0,0),(291,0,0,0,0,0,0,0,0,0,0,0,0,0,0,0,0),(292,0.037659,0.036486,0.036232,108.96,0.39837,0.034005,0.00000007776,0.072323,1.1029,1.0766,0.022495,4.7683,4.0243,405.97,4.5206,20.991),(293,0,0,0,0,0,0,0,0,0,0,0,0,0,0,0,0),(294,0.16653,0.16342,0.054601,64.615,0.033714,0.000046142,0.000027721,0.014328,2.3547,4.9921,0.0099206,2.831,4.5041,413.38,3.9881,14.081),(295,0,0,0,0,0,0,0,0,0,0,0,0,0,0,0,0),(296,0.060278,0.072161,0.06197,73.818,0.063909,0.034843,0.000016338,0.082537,1.922,0.93551,0.29951,3.0946,3.1432,417.27,5.0343,49.47),(297,0.023164,1.064,0.13563,87.985,0.27229,0.28073,0.0031864,0.50137,0.00085221,4.3922,1.7221,2.9914,1.8844,410.56,4.5062,22.169),(298,0.048002,0.032699,0.012474,101.88,1.3099,0.12485,0.00000030732,0.20604,1.2993,1.3919,0.36605,2.5529,3.7166,423.24,4.8451,57.098),(299,0.067468,0.06164,0.04418,80.451,1.3058,0.023847,0.0000081102,0.0453,1.9543,0.039733,0.0054868,7.3741,3.1183,420.6,5.1072,44.047),(300,0,0,0,0,0,0,0,0,0,0,0,0,0,0,0,0),(301,0,0,0,0,0,0,0,0,0,0,0,0,0,0,0,0),(302,0.01594,0.042838,0.047244,75.029,0.016854,0.45988,0.00088682,0.54204,0.38431,4.6022,0.033436,2.6402,6.9182,414.32,4.8347,45.829),(303,0.017519,0.056179,0.029677,56.905,1.4421,0.52775,0.00000014436,0.73866,0.22005,0.17084,0.040809,6.4686,2.5456,406.09,4.6169,13.917),(304,0,0,0,0,0,0,0,0,0,0,0,0,0,0,0,0),(305,1.6634,0.046748,0.003665,32.157,0.92226,0.0072598,0.00000014084,0.015261,0.53121,2.7296,0.00030597,3.9101,9.4819,420.28,4.2993,13.98),(306,0.11153,0.1527,0.1439,61.968,0.055308,0.011314,0.0000014002,0.018933,0.37629,1.2432,0.016429,2.8114,9.3268,408.71,3.778,14.123),(307,0.037772,0.029881,0.015302,70.966,1.5219,0.049121,0.0000000027298,0.10672,2.0238,4.1819,0.84728,2.3137,3.5105,416.84,4.6551,38.995),(308,0,0,0,0,0,0,0,0,0,0,0,0,0,0,0,0),(309,0.053991,0.027014,0.027115,48.467,0.17056,0.29251,0.00043442,0.48638,0.04868,4.9782,0.033466,2.2003,8.1069,419.97,4.7991,13.67),(310,0.072123,0.0072484,0.00011023,63.997,0.68635,0.39665,0.000050472,1.2268,0.37662,2.0685,0.087582,3.4835,7.1231,421.09,4.9024,26.903),(311,1.9999,0.046472,0.009602,119.99,0.19194,0.00000027227,0.000038575,0.023393,0.000021467,1.0683,0.031354,3.5632,2.3539,407.16,5.4159,55.109),(312,0.031316,0.044592,0.033922,52.622,1.505,0.76818,0.00082706,2.1839,1.8856,4.9492,0.20147,3.7611,1.6294,424.72,5.2698,32.19),(313,0.37127,0.073847,0.016129,74.349,0.042502,0.0051775,0.000000000019874,0.0061725,0.7502,4.981,0.03806,2.2866,3.3605,414.64,4.7557,67.74),(314,0,0,0,0,0,0,0,0,0,0,0,0,0,0,0,0),(315,0.012067,0.049706,0.0216,101.81,0.14252,0.25955,0.00013224,0.23543,0.00071676,1.2087,0.31257,3.1762,199.96,411.1,5.1864,74.559),(316,0.017241,0.11676,0.034347,83.944,1.101,0.0012451,0.0010342,0.82863,0.62803,0.32597,0.69919,4.5594,4.1579,420.17,3.7784,19.552),(317,0.023772,0.61884,1.7897,44.448,0.14253,0.42859,0.00085885,0.66116,1.5231,5,0.096022,1.951,7.4483,424.28,3.9902,14.671),(318,0,0,0,0,0,0,0,0,0,0,0,0,0,0,0,0),(319,0.047565,0.02549,0.017744,99.205,1.738,0.028879,0.0000022969,0.090259,2.0819,3.618,0.047841,1.4444,195.56,413.05,4.8157,76.277),(320,0.070431,0.016428,0.045497,101.97,0.034099,0.027207,0.00047814,0.29756,2.0559,4.9767,0.041863,7.2797,1.4867,424.14,4.5844,25.886),(321,0,0,0,0,0,0,0,0,0,0,0,0,0,0,0,0),(322,0,0,0,0,0,0,0,0,0,0,0,0,0,0,0,0),(323,0.078944,0.15917,0.32778,50.302,1.7435,0.00019229,0.000047022,0.022831,0.20877,2.1423,0.012821,2.7183,4.7623,411.23,4.3078,16.869),(324,0.50736,0.062595,0.029194,76.864,0.33031,0.00000020177,0.000049502,0.019603,0.00000057596,2.0758,0.04579,1.7072,8.2895,416.53,4.5984,61.704),(325,0.056186,0.037563,0.018399,47.483,1.7148,0.02797,0.000000000045837,0.048439,2,0.34144,0.070875,4.6698,23.622,412.94,4.7576,30.222),(326,0.029354,0.036585,0.010333,58.353,0.48825,0.5774,0.00016623,0.59041,0.087954,1.1454,1.9982,2.4289,2.1534,415.01,4.0399,48.278),(327,0.016094,0.026089,0.01117,103.86,0.6287,0.23775,0.000086991,0.76293,0.26072,1.0032,1.8835,2.8734,6.1415,419.61,4.6403,45.96),(328,0.016264,0.59716,0.8139,52.477,1.7192,0.025981,0.000056602,0.08987,0.45596,3.9187,0.024881,2.0622,9.5227,420.55,4.8009,31.264),(329,0,0,0,0,0,0,0,0,0,0,0,0,0,0,0,0),(330,0.12876,0.016823,0.010104,83.85,0.75177,1.442,0.0028892,3.4756,0.5619,4.691,0.018481,1.6424,11.167,408.77,4.7747,53.31),(331,1.5,0.001391,0.00067052,102.73,0.1059,0.00001221,0.000027373,0.1231,0.0000019351,1.4008,0.56481,3.4113,199.93,421.44,4.9939,43.5),(332,0.0097787,0.25443,0.20006,88.38,0.013717,0.28438,0.000017375,1.3222,1.1133,4.2765,0.027745,3.1058,2.1436,406.58,4.8812,27.116),(333,0.019029,0.015702,0.0099226,109.81,0.73588,0.16194,0.000000072333,0.58184,1.4423,1.1375,1.9402,3.2779,3.5362,425,4.085,23.1),(334,0.011731,0.028775,0.0029058,69.312,0.032329,0.93431,0.00051466,3.3494,1.6157,4.9986,0.18485,1.3625,8.3726,414.83,4.8,71.444),(335,0.057577,0.072018,0.00001,119.89,1.3342,0.00000016025,0.0000623,0.023859,0.000019533,4.6324,0.026477,1.9509,5.8548,405.56,5.203,25.321),(336,0.037889,0.037582,0.000026478,119.99,0.017822,0.40691,0.00048907,0.75373,0.90934,2.7805,0.02752,2.5117,9.8403,420.2,4.8451,14.022),(337,0.074469,0.15426,0.042619,76.152,0.14827,0.014548,0.0000000012751,0.019624,1.8934,4.4801,0.093423,2.9902,2.8778,420.33,4.6018,30.444),(338,0.10048,0.11992,0.00036157,75.059,0.0032288,0.0027228,0.000034012,0.01123,0.00011816,4.9999,0.043023,3.9398,2.1613,419.7,4.3888,26.25),(339,0.028449,0.034947,0.067933,89.765,0.023775,0.0049641,0.000088274,0.064785,2.1182,1.1547,0.024202,6.6878,152.36,424.69,4.7133,14.651),(340,0.25014,0.0090604,0.0054922,89.516,1.0151,0.021901,0.0000000000094295,0.062004,1.383,4.9196,0.045536,1.4692,7.8922,413.48,4.6551,63.905),(341,0.0052755,0.095911,0.011401,103.82,1.7171,0.24318,0.00000010425,1.1065,1.0124,5,0.41711,1.853,196.54,425,4.5361,60.441),(342,0.02157,0.022793,0.0068512,58.556,1.7105,1.5187,0.0001156,3.9108,1.9607,1.3484,0.14251,3.3336,10.215,409.1,4.9097,21.292),(343,0.038316,0.01692,0.019913,86.008,0.041535,0.04365,0.000000044623,0.14045,2.2727,1.3699,0.12496,3.194,4.2354,424.11,4.345,35.067),(344,0.07507,0.021033,0.043882,76.102,0.22652,0.000013557,0.000070785,0.026071,0.0044702,4.9787,0.039592,2.0861,3.3194,416.81,5.1996,35.531),(345,0.71027,0.017431,0.03335,40.15,0.12726,0.038342,0.0000184,0.067933,1.2815,1.9534,0.028298,2.2799,41.186,421.25,4.6777,27.206),(346,0.058295,0.062926,0.10866,88.751,0.024607,0.000018086,0.000079175,0.037132,0.000014225,1.8978,0.0097157,3.7408,4.3209,419.32,4.6559,14.152),(347,0.048206,0.048035,0.00018701,111.48,1.6995,0.014379,0.0000000014305,0.02176,2.1738,4.999,0.0096884,1.5814,163.81,424.91,4.5782,29.4),(348,0.025707,0.023551,0.011437,97.015,0.92652,1.0066,0.0011119,3.6968,1.3075,3.623,0.079518,2.7462,4.2053,410.77,4.7914,14.217),(349,0.050375,0.051135,0.057263,68.322,0.20165,0.10604,0.0000053622,0.078889,0.011295,4.4026,0.35834,1.3781,9.5223,411.8,4.7148,41.43),(350,0.030061,0.019218,0.017091,103.12,1.6056,0.073023,0.0000000002665,0.26124,2.2726,0.87998,0.11741,4.3586,2.3918,419.18,4.3959,27.253),(351,0.015458,0.03551,0.030466,72.453,0.068727,0.13433,0.00061945,0.53882,0.46749,2.4415,0.69031,2.1244,17.811,415.94,4.718,32.993),(352,0.082065,0.058312,0.039439,75.452,0.092087,0.025404,0.0000092488,0.043393,1.9496,0.090434,0.012533,6.1497,157.33,414.11,5.0051,72.308),(353,0.13643,0.053971,0.071425,88.764,0.019746,0.0050237,0.000081787,0.0345,0.77967,2.6874,0.013576,2.0448,29.037,419.47,4.3004,38.056),(354,0.045795,0.034944,0.010798,93.788,1.0811,0.022545,0.00000000064433,0.045402,2.1276,4.7769,0.066959,1.0805,35.114,413.79,4.6699,88.688),(355,0.36448,0.02214,0.014498,93.172,0.087516,0.35493,0.00085617,0.13412,0.071141,1.8688,0.020773,3.4396,1.8389,415.83,4.7326,63.881),(356,0,0,0,0,0,0,0,0,0,0,0,0,0,0,0,0),(357,0.030491,0.013198,0.0052882,97.172,1.2255,0.75487,0.000009011,2.6973,1.3242,0.69903,0.29515,6.3886,1.5015,415.35,5.0997,33.458),(358,0.010121,0.055535,0.047451,46.692,1.4818,0.75434,0.0058763,7.3906,0.41293,4.3309,0.062283,2.3354,7.0908,416.46,5,21.029),(359,0.060207,0.032302,0.0046697,87.442,1.5267,0.49744,0.0000011369,0.30759,0.1068,3.6006,0.0063002,2.6797,9.6619,419.64,4.9327,13.703),(360,0.017468,0.72867,0.22315,119.92,0.82995,0.01029,0.00000032488,0.028361,2.3256,3.3217,0.0031311,3.2277,9.9068,424.75,4.1992,16.685),(361,0.017601,0.12653,0.082643,85.329,1.6247,0.16014,0.000000014955,0.3933,1.044,0.63116,1.9997,2.7635,7.1635,424.73,4.9636,77.14),(362,0.077091,0.72335,0.33122,73.287,1.7493,0.0003135,0.000071239,0.019066,0.000087546,3.7306,0.15771,9.7953,1.2094,405.93,5.0922,29.4),(363,0.45002,0.15554,0.18484,55.968,0.05085,0.00000092519,0.00001468,0.020841,0.00012592,0.74006,0.021363,3.0657,14.055,424.48,5.1982,57.95),(364,0.076266,0.034921,0.028763,33.529,0.088621,0.012622,0.000000013724,0.016966,2.3256,3.7471,0.12706,1.47,10.459,420.48,4.2297,43.049),(365,0.019638,0.012556,0.0077149,103.88,0.43586,0.19222,0.00000027664,0.83771,0.74204,1.304,2,2.688,6.7342,420.35,4.7676,39.714),(366,0.0028185,1.1208,1.5421,76.873,0.11792,0.2504,0.0005485,3.383,1.3262,3.6308,0.021936,5.0923,1.9817,424.49,4.8133,23.725),(367,0.1042,0.40413,0.66546,52.991,0.01216,0.001272,0.000033945,0.017076,0.1379,4.9631,0.015472,2.2965,4.4932,423.52,4.4975,22.605),(368,0.42545,0.0006533,0.029258,57.945,0.021839,0.48667,0.0029064,2.1399,1.6776,1.697,0.052735,2.2103,3.3517,417.09,5.1306,66.518),(369,0.043771,0.35763,0.27225,92.103,0.022983,0.0019984,0.00011839,0.042632,0.11664,1.2155,0.041764,9.27,1.305,409.52,4.7294,23.835),(370,0.01749,0.050612,0.025298,68.133,0.031463,0.000011712,0.000036017,0.0185,0.0035425,4.2393,0.025331,2.2626,146.93,416.26,4.9132,23.869),(371,0.075817,0.040118,0.082189,51.501,0.29554,0.01239,0.0001372,0.084597,0.036616,4.4132,0.065823,1.9261,4.9413,405.55,5.3818,31.39),(372,0.021546,0.017648,0.000048587,115.92,1.5413,0.060413,0.0000048748,0.16623,2.1636,0.1362,0.30885,4.7094,160.36,414.36,4.3724,14.699),(373,0.01097,0.92581,0.12058,86.163,0.13957,0.74709,0.00038243,2.0629,0.63181,4.1523,0.035898,2.3345,7.8454,408.38,4.9499,14.062),(374,0.025098,0.024443,0.0042421,91.246,1.5918,0.4959,0.0000022369,1.1373,2.3242,1.3678,0.067725,2.0731,6.3883,421.38,3.9908,55.654),(375,0.018356,0.0081402,0.0047171,74.968,0.08833,0.24618,0.0092883,4.6685,0.56596,3.7258,1.2591,6.4354,1.3481,416.43,4.6001,13.98),(376,0.047545,0.0050782,0.014427,74.477,0.0025794,0.49394,0.0015107,2.271,0.52899,2.3973,0.016707,4.312,5.3907,414.78,4.242,21.969),(377,0.057462,0.023749,0.032145,51.091,0.11979,0.57216,0.018318,3.7287,0.53033,4.8783,0.071293,2.3203,2.644,423.27,4.8725,14.699),(378,0.016654,0.018739,0.00188,77.54,0.038117,0.52485,0.00011773,1.8128,0.8893,3.4807,1.995,1.7641,5.1545,413.91,4.8098,46.709),(379,0.021831,0.030439,0.0009201,90.854,0.68252,0.417,0.0000000039441,0.95082,0.92482,0.75409,0.054733,2.4067,16.343,419.97,4.8,88.265),(380,0.12381,0.070881,0.062413,72.26,0.038825,0.000021767,0.00012146,0.040066,0.0009161,2.2602,0.062317,1.6663,198.63,419.86,4.7989,38.027),(381,0.023867,0.12462,0.07245,81.552,0.11135,0.00010794,0.000013172,0.01483,0.00010977,0.000065826,0.053712,9.9988,81.97,419.77,5.3412,61.181),(382,0.029782,0.011483,0.0065332,103.72,0.56687,0.2154,0.000044887,0.87778,1.5552,2.6802,0.20994,2.6281,7.1572,419.09,4.8005,15.935),(383,0.82979,0.10058,0.024595,75.058,0.089056,0.015386,0.000000049867,0.017639,0.99988,0.54347,0.042419,7.0797,1.51,414.35,4.7702,52.512),(384,0.039984,0.021814,0.024019,87.468,0.020761,0.039593,0.000030633,0.11756,2.4386,3.3443,0.033986,1.9307,9.2963,410.15,4.0999,34.241),(385,0.022696,0.46908,0.4173,54.052,0.036443,0.01998,0.00012483,0.099971,0.75689,4.9887,0.060332,5.2722,1.4485,417.65,5.1001,26.013),(386,0.083211,0.50801,0.33504,74.213,0.081609,0.0089573,0.0000016552,0.017588,0.84447,0.053654,0.19007,6.573,1.5892,415.24,4.5524,62.031),(387,0.42965,0.16194,0.010178,85.196,0.89033,0.0000083023,0.000022627,0.010701,0.0023907,4.9954,0.016075,2.6153,4.4599,416.3,4.8908,33.219),(388,0.0091477,0.2089,0.084738,51.9,0.28996,0.17547,0.000060626,0.74554,1.0427,4.3897,0.051348,1.8839,10.276,412.4,4.7029,42.595),(389,0.011913,0.17006,0.000012846,64.82,0.38299,0.0089334,0.000000094356,0.028924,1.797,3.8928,0.027369,2.2662,9.0375,407.56,4.9194,23.245),(390,0.040742,0.015722,0.016609,74.764,0.11542,0.33613,0.01281,7.9341,0.27651,4.1599,0.24067,1.9803,8.097,415.8,3.9309,13.795),(391,0.017637,0.039434,0.0042375,119.7,0.25592,1.3621,0.00036701,2.7404,1.4119,3.087,0.063952,3.7123,2.6977,423.9,4.2182,14.115),(392,0.0078845,0.55372,0.52048,75.051,0.031246,0.37383,0.00000030286,0.81047,0.19882,4.9978,0.18103,3.1922,2.6807,409.67,5.0181,28.885),(393,0.020411,0.032552,0.00002444,52.458,1.33,0.48421,0.0070276,5.0081,0.8574,3.7867,0.36241,3.2013,2.4921,418.31,4.9268,14.079),(394,0.3849,2,0.33583,115.96,0.65295,0.0037861,0.0000000017448,0.01088,2.0684,3.293,0.0012868,3.1632,9.8707,410.98,4.873,21.184),(395,0.12839,0.12114,0.091695,76.152,0.16403,0.014045,0.00000029312,0.026019,1.8485,3.968,0.037336,1.684,13.601,420.05,5.2524,21.113),(396,0,0,0,0,0,0,0,0,0,0,0,0,0,0,0,0),(397,0,0,0,0,0,0,0,0,0,0,0,0,0,0,0,0),(398,0.020515,0.017747,0.0029755,80.648,1.087,0.5838,0.00000083462,1.6032,2.0815,1.5997,0.067015,3.3271,10.102,416.88,4.7006,14.005),(399,0.0066747,0.22939,0.18632,43.238,1.4184,0.20023,0.0002163,0.65341,0.50813,4.9699,0.024311,2.7787,2.3173,411.44,5.2979,13.765),(400,0.064824,0.030404,0.032113,41.667,0.19946,0.027005,0.000041471,0.073545,0.41955,1.9583,0.044973,2.4888,7.1476,419.61,4.8837,23.702),(401,0.054634,0.027145,0.016319,85.253,0.057955,0.000027156,0.000087665,0.026264,0.0015717,0.98856,0.022735,8.6423,1.292,417.52,5.3354,36.244),(402,0.41721,0.98531,0.11314,75.955,0.47651,0.015593,0.0000000000012431,0.017694,0.26178,2.1785,0.025608,3.9482,3.6264,420.99,5.4726,14.398),(403,0.023997,0.19906,0.091929,74.696,0.056733,0.6993,0.0026176,1.9024,0.31669,4.9952,1.807,3.8776,2.1871,412.49,4.789,13.808),(404,0.0049736,0.074595,0.014076,76.322,0.13845,0.23549,0.0000052648,1.2197,1.1643,4.7318,0.2291,2.0683,187,420.22,4.7976,38.732),(405,0.74742,0.043688,0.0078477,85.879,0.043065,0.013434,0.00000013853,0.021667,0.19979,3.2548,0.058444,5.1987,1.8149,417.7,4.1,14.536),(406,0.026977,0.017112,0.013673,100.88,0.67706,0.23746,0.000003161,0.82092,0.97161,0.44351,0.97022,3.3502,3.7409,420.12,4.8854,54.726),(407,0.21613,0.0014862,0.0015546,79.855,0.75905,0.67081,0.0039568,7.3766,0.78101,1.3704,1.1196,3.9819,5.603,414.6,5.0049,48.88),(408,0.033891,0.60514,0.25087,71.204,1.7489,0.053339,0.00000013551,0.067675,0.11035,2.597,0.092602,3.1255,2.6296,405.36,4.3658,17.459),(409,0.025653,0.72344,0.40684,68.438,0.043453,0.081731,0.00089741,0.043467,0.0091715,1.3086,0.098752,6.568,1.1734,405.98,4.5983,14),(410,0.023417,0.020792,0.0058705,50.472,0.23256,0.68582,0.0029951,2.4761,0.89087,0.92646,0.048957,2.6954,198.03,414.06,5.5892,80.463),(411,0.16236,0.10381,0.0072514,71.275,0.4672,0.017864,0.000023089,0.015164,0.075543,0.23568,0.013301,6.0658,1.7781,417.79,4.4696,56.914),(412,0.019426,0.01827,0.0097519,103.85,0.92514,0.098692,0.000000000013165,0.28156,1.1539,0.058611,0.95653,7.1281,80.679,419.46,4.4055,21.878),(413,0.15404,0.39397,0.42907,44.183,0.71332,0.0000031186,0.000026883,0.013506,0.00000095666,0.031716,0.038866,9.9998,192.92,405.3,4.4725,20),(414,0.055647,0.025108,0.030658,86.01,0.024095,0.023953,0.0000000086386,0.060958,2.0828,4.0477,0.065596,2.3916,3.5076,424.48,4.5602,51.915),(415,0.032751,0.025363,0.0029582,104.87,1.1441,0.26293,0.00026258,0.60185,0.76302,0.97592,0.033619,2.8591,6.5695,419.14,4.6762,53.168),(416,1.6376,0.025373,0.0022804,100.06,0.050355,0.075362,0.00000005764,0.064331,0.74686,4.9391,0.020932,1.6236,6.9313,421.97,4.6543,93.017),(417,0.022334,1.5882,0.50013,74.983,0.017265,0.072264,0.000063819,0.10622,0.080189,2.9083,0.027484,2.9098,2.2887,414.69,5.1687,84.681),(418,0.012028,0.58861,1.8743,39.74,0.12353,0.32556,0.0074724,2.9774,0.48796,4.0707,1.2775,1.3009,196.97,410.85,4.9593,33.086),(419,0.011095,0.10198,0.038375,80.865,0.038379,0.13438,0.00000057599,0.46061,1.6201,4.9928,0.068581,1.4538,14.408,415.11,4.5662,77.101),(420,0,0,0,0,0,0,0,0,0,0,0,0,0,0,0,0),(421,0.033181,0.017901,0.012851,44.191,0.0021443,0.46458,0.000027148,1.2866,0.49441,4.9902,0.10189,2.1089,19.407,414.3,4.6569,32.252),(422,0.12888,0.03474,0.014856,66.532,0.035166,0.0024407,0.000090016,0.058162,0.48337,2.6172,0.28009,9.7057,1.4154,417.45,5.4602,21),(423,0.045042,0.032384,0.023649,38.022,1.5037,0.82676,0.0023069,1.6279,0.34297,0.42953,0.0055931,6.2784,4.2597,422.15,4.3,27.394),(424,0.046343,0.046785,0.019615,49.31,1.4867,0.000019895,0.00013984,0.039861,0.0012156,3.9606,0.26372,4.1318,1.6682,410.61,4.2994,23.495),(425,0.038869,0.010241,0.026088,81.967,0.041099,0.035584,0.00036348,0.21695,0.65009,4.9759,0.043478,6.5866,1.4643,417.13,4.7017,16.211),(426,0.058492,1.4258,1.9514,48.948,0.041795,0.060711,0.00000000000061008,0.0788,0.4853,1.4277,0.62667,5.5642,1.9159,405.76,4.4723,20.665),(427,0.050857,0.023114,0.026952,88.052,0.022206,0.0064813,0.000064978,0.064754,1.8008,3.2788,0.0026893,4.0763,13.195,416.02,5.3167,14.122),(428,0,0,0,0,0,0,0,0,0,0,0,0,0,0,0,0),(429,0.020525,0.17032,0.071056,82.97,0.98022,0.49969,0.00078886,1.22,0.33655,2.0451,0.11313,4.2352,1.5852,409.11,4.7887,51.358),(430,0.0107,0.6402,0.56862,50.429,0.35155,0.000032934,0.00050383,0.63821,1.3307,4.0072,0.20131,2.4472,6.6894,419.51,4.9266,22.08),(431,0.013829,0.059909,0.059043,108.97,1.6619,0.015647,0.000029317,0.064015,0.33678,0.13139,0.013281,9.8527,89.907,406,5.1072,27.153),(432,0.03583,0.065914,0.010755,74.619,0.50864,0.000022677,0.000063719,0.026218,0.0039017,4.9924,0.4179,4.9412,1.8894,415.6,4.6305,15.384),(433,0.035082,0.033932,0.00065467,119.07,0.001364,0.000023751,0.000072671,0.027689,0.002665,4.9495,0.047549,2.4721,2.664,414.58,4.8816,27.003),(434,0.043293,0.019563,0.023824,89.512,0.026885,0.000018321,0.000038812,0.041734,0.52649,3.9384,0.030255,2.5982,2.8365,421.73,4.5992,49.001),(435,0.080084,0.02017,0.064644,40.151,0.050501,0.080475,0.00015949,0.19819,0.71134,1.0218,0.02701,3.4451,6.5565,423.34,4.6998,13.303),(436,0.039174,0.016622,0.036304,75.367,0.072782,0.006627,0.0094103,5.8413,0.00091188,4.1325,1.9662,1.8811,199.21,407.56,4.376,13.485),(437,0.035255,0.063201,0.033837,31.857,0.73487,0.95517,0.00021746,1.8315,1.9986,4.2999,0.045466,1.2308,16.993,420.27,4.775,19.522),(438,0.13554,0.085436,0.058961,75.058,0.32873,0.010209,0.0000001618,0.017333,1.8821,3.9776,0.027201,1.5245,126.72,415.32,5.1108,28.053),(439,0.041308,0.034575,0.02718,99.789,1.5312,0.032939,0.000000000050638,0.097895,2.1385,0.22055,0.13058,4.1355,3.7494,412.34,4.4286,30.953),(440,0.029796,0.019554,0.000063288,119.92,0.45362,0.07582,0.000000022061,0.17636,2.2724,0.066781,0.061693,4.4198,195.61,414.36,4.1828,17.846),(441,0.02108,0.019099,0.0011615,119.1,0.37635,0.6705,0.00051987,1.2086,0.80519,2.0535,0.54678,3.5416,4.8813,421.59,5.0853,19.879),(442,0.12307,0.16807,0.070533,56.154,0.10758,0.003267,0.00000000044463,0.0018835,0.29465,1.5202,0.020034,2.2681,22.055,415.83,4.4643,31.742),(443,0,0,0,0,0,0,0,0,0,0,0,0,0,0,0,0),(444,0.047674,0.27864,0.28218,73.565,0.032009,0.01739,0.000000014041,0.029924,0.11446,4.9972,0.057405,1.4394,5.7703,414.99,4.6983,60.65),(445,0.017014,0.44537,0.21273,93.035,0.012468,0.011264,0.0000001656,0.030392,1.692,0.86043,0.028221,5.994,1.7518,414.99,4.7524,44.492),(446,0.035347,0.021934,0.014601,74,0.034434,0.0093626,0.000078012,0.066156,0.21506,4.9232,0.14424,2.6454,2.2631,416.15,4.4755,50.403),(447,0.085378,0.14806,0.081704,93.906,1.0642,0.024435,0.000053433,0.0049405,0.0058042,4.9999,0.002997,3.1639,2.7687,405.41,4.6761,59.932),(448,0.052781,0.0090963,0.0083814,54.306,1.521,0.11323,0.0011264,1.0427,0.1051,3.0863,0.043254,2.3944,118.98,423.05,3.9032,19.045),(449,0.0085185,0.98115,0.55306,47.357,0.74099,0.067045,0.00000010668,0.26527,2.0795,3.2903,0.025885,2.3719,8.2594,405.78,4.8003,34.996),(450,0,0,0,0,0,0,0,0,0,0,0,0,0,0,0,0),(451,0.029566,0.02287,0.00967,91.033,0.2339,0.89126,0.0023527,1.2008,0.65827,2.324,0.030839,2.7863,199.62,415.21,4.2923,15.854),(452,0.018645,0.041868,0.000066375,46.189,1.1408,1.269,0.0036946,4.6767,0.99276,4.0935,0.08286,4.6848,2.0813,415.88,4.9912,13.762),(453,0.035964,0.026151,0.0086314,76.8,0.019017,0.63956,0.0000027195,1.3174,0.91737,4.957,0.064798,2.306,6.4992,414.27,4.95,22.142),(454,0.019245,0.127,0.043906,85.353,1.4148,0.66202,0.000085844,1.2949,0.58504,1.5675,1.9958,3.3438,1.6235,415.11,4.7237,74.197),(455,0.044246,0.075023,0.1167,35.475,1.526,1.3734,0.0000025208,0.88823,0.12559,2.0416,0.023974,1.9807,31.695,423.95,4.5723,19.712),(456,0.034865,0.028867,0.013583,74,0.065589,0.01339,0.000061553,0.041076,0.0000073382,5,0.067572,2.4086,2.4847,416.11,4.3963,58.966),(457,0.10975,0.23786,0.14812,71.573,0.043011,0.00097356,0.00017427,0.03199,0.65559,4.0922,0.021882,2.0583,6.6551,408.06,4.5555,14.043),(458,0.037298,0.033641,0.00757,94.671,0.067558,0.22752,0.00028266,0.15961,0.01479,4.3998,0.035922,2.8014,3.1925,416.25,4.3954,13.796),(459,0.042973,0.025904,0.017179,91.791,0.59393,0.071335,0.00000011715,0.18369,1.92,2.2314,0.060349,2.6552,4.3188,410.23,5.0999,43.86),(460,0.034404,0.25645,0.14817,81.555,0.64457,0.034331,0.0000067293,0.024339,0.034783,0.0000034034,0.016886,9.9999,4.4894,418.78,4.0021,14.699),(461,0.057493,0.016835,0.058521,80.846,0.0042086,0.022882,0.000053593,0.090519,0.01697,4.9832,0.0026437,3.9168,27.978,416.66,4.7007,14.683),(462,0.036541,0.022019,0.014708,56.871,1.7463,1.0991,0.002581,5.5878,0.70832,1.4049,0.21339,2.8694,2.7985,414.85,5.0489,58.621);
/*!40000 ALTER TABLE `valuesParam` ENABLE KEYS */;
UNLOCK TABLES;
/*!40103 SET TIME_ZONE=@OLD_TIME_ZONE */;

/*!40101 SET SQL_MODE=@OLD_SQL_MODE */;
/*!40014 SET FOREIGN_KEY_CHECKS=@OLD_FOREIGN_KEY_CHECKS */;
/*!40014 SET UNIQUE_CHECKS=@OLD_UNIQUE_CHECKS */;
/*!40101 SET CHARACTER_SET_CLIENT=@OLD_CHARACTER_SET_CLIENT */;
/*!40101 SET CHARACTER_SET_RESULTS=@OLD_CHARACTER_SET_RESULTS */;
/*!40101 SET COLLATION_CONNECTION=@OLD_COLLATION_CONNECTION */;
/*!40111 SET SQL_NOTES=@OLD_SQL_NOTES */;

-- Dump completed on 2019-07-09 11:44:59
